X,Y,SHORTESTDIST,CONCRETE,HBLOCK,BRICK,WOOD,GLASS,RCCROOF,OUTPUT
480,300,90,0,0,0,0,0,0,3
480,305,86,0,0,0,0,0,0,3
480,310,82,0,0,0,0,0,0,3
480,315,78,0,0,0,0,0,0,3
480,320,74,0,0,0,0,0,0,3
480,325,71,0,0,0,0,0,0,2
480,330,67,0,0,0,0,0,0,2
480,335,64,0,0,0,0,0,0,2
480,340,61,0,0,0,0,0,0,2
480,345,58,0,0,0,0,0,0,2
480,350,56,0,0,0,0,0,0,2
480,355,54,0,0,0,0,0,0,2
480,360,52,0,0,0,0,0,0,2
480,365,51,0,0,0,0,0,0,2
480,370,50,0,0,0,0,0,0,2
480,375,50,0,0,0,0,0,0,2
480,380,50,0,0,0,0,0,0,2
480,385,51,0,0,0,0,0,0,2
480,390,52,0,0,0,0,0,0,2
480,395,54,0,0,0,0,0,0,2
480,400,56,0,0,0,0,0,0,2
480,405,58,0,0,0,0,0,0,2
480,410,61,0,0,0,0,0,0,2
480,415,64,0,0,0,0,0,0,2
480,420,67,0,0,0,0,0,0,2
485,300,87,0,0,0,0,0,0,3
485,305,83,0,0,0,0,0,0,3
485,310,79,0,0,0,0,0,0,3
485,315,75,0,0,0,0,0,0,3
485,320,71,0,0,0,0,0,0,2
485,325,67,0,0,0,0,0,0,2
485,330,64,0,0,0,0,0,0,2
485,335,60,0,0,0,0,0,0,2
485,340,57,0,0,0,0,0,0,2
485,345,54,0,0,0,0,0,0,2
485,350,51,0,0,0,0,0,0,2
485,355,49,0,0,0,0,0,0,2
485,360,47,0,0,0,0,0,0,2
485,365,46,0,0,0,0,0,0,2
485,370,45,0,0,0,0,0,0,2
485,375,45,0,0,0,0,0,0,2
485,380,45,0,0,0,0,0,0,2
485,385,46,0,0,0,0,0,0,2
485,390,47,0,0,0,0,0,0,2
485,395,49,0,0,0,0,0,0,2
485,400,51,0,0,0,0,0,0,2
485,405,54,0,0,0,0,0,0,2
485,410,57,0,0,0,0,0,0,2
485,415,60,0,0,0,0,0,0,2
485,420,64,0,0,0,0,0,0,2
490,300,85,0,0,0,0,0,0,3
490,305,81,0,0,0,0,0,0,3
490,310,76,0,0,0,0,0,0,3
490,315,72,0,0,0,0,0,0,3
490,320,68,0,0,0,0,0,0,2
490,325,64,0,0,0,0,0,0,2
490,330,60,0,0,0,0,0,0,2
490,335,57,0,0,0,0,0,0,2
490,340,53,0,0,0,0,0,0,2
490,345,50,0,0,0,0,0,0,2
490,350,47,0,0,0,0,0,0,2
490,355,45,0,0,0,0,0,0,2
490,360,43,0,0,0,0,0,0,1
490,365,41,0,0,0,0,0,0,1
490,370,40,0,0,0,0,0,0,1
490,375,40,0,0,0,0,0,0,1
490,380,40,0,0,0,0,0,0,1
490,385,41,0,0,0,0,0,0,1
490,390,43,0,0,0,0,0,0,1
490,395,45,0,0,0,0,0,0,2
490,400,47,0,0,0,0,0,0,2
490,405,50,0,0,0,0,0,0,2
490,410,53,0,0,0,0,0,0,2
490,415,57,0,0,0,0,0,0,2
490,420,60,0,0,0,0,0,0,2
495,300,83,0,0,0,0,0,0,3
495,305,78,0,0,0,0,0,0,3
495,310,74,0,0,0,0,0,0,3
495,315,69,0,0,0,0,0,0,2
495,320,65,0,0,0,0,0,0,2
495,325,61,0,0,0,0,0,0,2
495,330,57,0,0,0,0,0,0,2
495,335,53,0,0,0,0,0,0,2
495,340,49,0,0,0,0,0,0,2
495,345,46,0,0,0,0,0,0,2
495,350,43,0,0,0,0,0,0,2
495,355,40,0,0,0,0,0,0,1
495,360,38,0,0,0,0,0,0,1
495,365,36,0,0,0,0,0,0,1
495,370,35,0,0,0,0,0,0,1
495,375,35,0,0,0,0,0,0,1
495,380,35,0,0,0,0,0,0,1
495,385,36,0,0,0,0,0,0,1
495,390,38,0,0,0,0,0,0,1
495,395,40,0,0,0,0,0,0,1
495,400,43,0,0,0,0,0,0,2
495,405,46,0,0,0,0,0,0,2
495,410,49,0,0,0,0,0,0,2
495,415,53,0,0,0,0,0,0,2
495,420,57,0,0,0,0,0,0,2
500,300,81,0,0,0,0,0,0,3
500,305,76,0,0,0,0,0,0,3
500,310,72,0,0,0,0,0,0,3
500,315,67,0,0,0,0,0,0,2
500,320,63,0,0,0,0,0,0,2
500,325,58,0,0,0,0,0,0,2
500,330,54,0,0,0,0,0,0,2
500,335,50,0,0,0,0,0,0,2
500,340,46,0,0,0,0,0,0,2
500,345,42,0,0,0,0,0,0,1
500,350,39,0,0,0,0,0,0,1
500,355,36,0,0,0,0,0,0,1
500,360,34,0,0,0,0,0,0,1
500,365,32,0,0,0,0,0,0,1
500,370,30,0,0,0,0,0,0,1
500,375,30,0,0,0,0,0,0,1
500,380,30,0,0,0,0,0,0,1
500,385,32,0,0,0,0,0,0,1
500,390,34,0,0,0,0,0,0,1
500,395,36,0,0,0,0,0,0,1
500,400,39,0,0,0,0,0,0,1
500,405,42,0,0,0,0,0,0,1
500,410,46,0,0,0,0,0,0,2
500,415,50,0,0,0,0,0,0,2
500,420,54,0,0,0,0,0,0,2
505,300,79,0,0,0,0,0,0,3
505,305,74,0,0,0,0,0,0,3
505,310,70,0,0,0,0,0,0,2
505,315,65,0,0,0,0,0,0,2
505,320,60,0,0,0,0,0,0,2
505,325,56,0,0,0,0,0,0,2
505,330,51,0,0,0,0,0,0,2
505,335,47,0,0,0,0,0,0,2
505,340,43,0,0,0,0,0,0,2
505,345,39,0,0,0,0,0,0,1
505,350,35,0,0,0,0,0,0,1
505,355,32,0,0,0,0,0,0,1
505,360,29,0,0,0,0,0,0,1
505,365,27,0,0,0,0,0,0,1
505,370,25,0,0,0,0,0,0,1
505,375,25,0,0,0,0,0,0,1
505,380,25,0,0,0,0,0,0,1
505,385,27,0,0,0,0,0,0,1
505,390,29,0,0,0,0,0,0,1
505,395,32,0,0,0,0,0,0,1
505,400,35,0,0,0,0,0,0,1
505,405,39,0,0,0,0,0,0,1
505,410,43,0,0,0,0,0,0,2
505,415,47,0,0,0,0,0,0,2
505,420,51,0,0,0,0,0,0,2
510,300,78,0,0,0,0,0,0,3
510,305,73,0,0,0,0,0,0,3
510,310,68,0,0,0,0,0,0,2
510,315,63,0,0,0,0,0,0,2
510,320,59,0,0,0,0,0,0,2
510,325,54,0,0,0,0,0,0,2
510,330,49,0,0,0,0,0,0,2
510,335,45,0,0,0,0,0,0,2
510,340,40,0,0,0,0,0,0,1
510,345,36,0,0,0,0,0,0,1
510,350,32,0,0,0,0,0,0,1
510,355,28,0,0,0,0,0,0,1
510,360,25,0,0,0,0,0,0,1
510,365,22,0,0,0,0,0,0,1
510,370,21,0,0,0,0,0,0,1
510,375,20,0,0,0,0,0,0,1
510,380,21,0,0,0,0,0,0,1
510,385,22,0,0,0,0,0,0,1
510,390,25,0,0,0,0,0,0,1
510,395,28,0,0,0,0,0,0,1
510,400,32,0,0,0,0,0,0,1
510,405,36,0,0,0,0,0,0,1
510,410,40,0,0,0,0,0,0,1
510,415,45,0,0,0,0,0,0,2
510,420,49,0,0,0,0,0,0,2
515,300,76,0,0,0,0,0,0,3
515,305,72,0,0,0,0,0,0,3
515,310,67,0,0,0,0,0,0,2
515,315,62,0,0,0,0,0,0,2
515,320,57,0,0,0,0,0,0,2
515,325,52,0,0,0,0,0,0,2
515,330,47,0,0,0,0,0,0,2
515,335,43,0,0,0,0,0,0,1
515,340,38,0,0,0,0,0,0,1
515,345,34,0,0,0,0,0,0,1
515,350,29,0,0,0,0,0,0,1
515,355,25,0,0,0,0,0,0,1
515,360,21,0,0,0,0,0,0,1
515,365,18,0,0,0,0,0,0,1
515,370,16,0,0,0,0,0,0,1
515,375,15,0,0,0,0,0,0,1
515,380,16,0,0,0,0,0,0,1
515,385,18,0,0,0,0,0,0,1
515,390,21,0,0,0,0,0,0,1
515,395,25,0,0,0,0,0,0,1
515,400,29,0,0,0,0,0,0,1
515,405,34,0,0,0,0,0,0,1
515,410,38,0,0,0,0,0,0,1
515,415,43,0,0,0,0,0,0,1
515,420,47,0,0,0,0,0,0,2
520,300,76,0,0,0,0,0,0,3
520,305,71,0,0,0,0,0,0,2
520,310,66,0,0,0,0,0,0,2
520,315,61,0,0,0,0,0,0,2
520,320,56,0,0,0,0,0,0,2
520,325,51,0,0,0,0,0,0,2
520,330,46,0,0,0,0,0,0,2
520,335,41,0,0,0,0,0,0,1
520,340,36,0,0,0,0,0,0,1
520,345,32,0,0,0,0,0,0,1
520,350,27,0,0,0,0,0,0,1
520,355,22,0,0,0,0,0,0,1
520,360,18,0,0,0,0,0,0,1
520,365,14,0,0,0,0,0,0,0
520,370,11,0,0,0,0,0,0,0
520,375,10,0,0,0,0,0,0,0
520,380,11,0,0,0,0,0,0,0
520,385,14,0,0,0,0,0,0,0
520,390,18,0,0,0,0,0,0,1
520,395,22,0,0,0,0,0,0,1
520,400,27,0,0,0,0,0,0,1
520,405,32,0,0,0,0,0,0,1
520,410,36,0,0,0,0,0,0,1
520,415,41,0,0,0,0,0,0,1
520,420,46,0,0,0,0,0,0,2
525,300,75,0,0,0,0,0,0,3
525,305,70,0,0,0,0,0,0,2
525,310,65,0,0,0,0,0,0,2
525,315,60,0,0,0,0,0,0,2
525,320,55,0,0,0,0,0,0,2
525,325,50,0,0,0,0,0,0,2
525,330,45,0,0,0,0,0,0,2
525,335,40,0,0,0,0,0,0,1
525,340,35,0,0,0,0,0,0,1
525,345,30,0,0,0,0,0,0,1
525,350,25,0,0,0,0,0,0,1
525,355,21,0,0,0,0,0,0,1
525,360,16,0,0,0,0,0,0,1
525,365,11,0,0,0,0,0,0,0
525,370,7,0,0,0,0,0,0,0
525,375,5,0,0,0,0,0,0,0
525,380,7,0,0,0,0,0,0,0
525,385,11,0,0,0,0,0,0,0
525,390,16,0,0,0,0,0,0,1
525,395,21,0,0,0,0,0,0,1
525,400,25,0,0,0,0,0,0,1
525,405,30,0,0,0,0,0,0,1
525,410,35,0,0,0,0,0,0,1
525,415,40,0,0,0,0,0,0,1
525,420,45,0,0,0,0,0,0,2
530,300,75,0,0,0,0,0,0,3
530,305,70,0,0,0,0,0,0,2
530,310,65,0,0,0,0,0,0,2
530,315,60,0,0,0,0,0,0,2
530,320,55,0,0,0,0,0,0,2
530,325,50,0,0,0,0,0,0,2
530,330,45,0,0,0,0,0,0,2
530,335,40,0,0,0,0,0,0,1
530,340,35,0,0,0,0,0,0,1
530,345,30,0,0,0,0,0,0,1
530,350,25,0,0,0,0,0,0,1
530,355,20,0,0,0,0,0,0,1
530,360,15,0,0,0,0,0,0,1
530,365,10,0,0,0,0,0,0,0
530,370,5,0,0,0,0,0,0,0
530,375,0,0,0,0,0,0,0,0
530,380,5,0,0,0,0,0,0,0
530,385,10,0,0,0,0,0,0,0
530,390,15,0,0,0,0,0,0,1
530,395,20,0,0,0,0,0,0,1
530,400,25,0,0,0,0,0,0,1
530,405,30,0,0,0,0,0,0,1
530,410,35,0,0,0,0,0,0,1
530,415,40,0,0,0,0,0,0,1
530,420,45,0,0,0,0,0,0,2
535,300,75,0,0,0,0,0,0,3
535,305,70,0,0,0,0,0,0,2
535,310,65,0,0,0,0,0,0,2
535,315,60,0,0,0,0,0,0,2
535,320,55,0,0,0,0,0,0,2
535,325,50,0,0,0,0,0,0,2
535,330,45,0,0,0,0,0,0,2
535,335,40,0,0,0,0,0,0,1
535,340,35,0,0,0,0,0,0,1
535,345,30,0,0,0,0,0,0,1
535,350,25,0,0,0,0,0,0,1
535,355,21,0,0,0,0,0,0,1
535,360,16,0,0,0,0,0,0,1
535,365,11,0,0,0,0,0,0,0
535,370,7,0,0,0,0,0,0,0
535,375,5,0,0,0,0,0,0,0
535,380,7,0,0,0,0,0,0,0
535,385,11,0,0,0,0,0,0,0
535,390,16,0,0,0,0,0,0,1
535,395,21,0,0,0,0,0,0,1
535,400,25,0,0,0,0,0,0,1
535,405,30,0,0,0,0,0,0,1
535,410,35,0,0,0,0,0,0,1
535,415,40,0,0,0,0,0,0,1
535,420,45,0,0,0,0,0,0,2
540,300,76,0,0,0,0,0,0,3
540,305,71,0,0,0,0,0,0,2
540,310,66,0,0,0,0,0,0,2
540,315,61,0,0,0,0,0,0,2
540,320,56,0,0,0,0,0,0,2
540,325,51,0,0,0,0,0,0,2
540,330,46,0,0,0,0,0,0,2
540,335,41,0,0,0,0,0,0,1
540,340,36,0,0,0,0,0,0,1
540,345,32,0,0,0,0,0,0,1
540,350,27,0,0,0,0,0,0,1
540,355,22,0,0,0,0,0,0,1
540,360,18,0,0,0,0,0,0,1
540,365,14,0,0,0,0,0,0,0
540,370,11,0,0,0,0,0,0,0
540,375,10,0,0,0,0,0,0,0
540,380,11,0,0,0,0,0,0,0
540,385,14,0,0,0,0,0,0,0
540,390,18,0,0,0,0,0,0,1
540,395,22,0,0,0,0,0,0,1
540,400,27,0,0,0,0,0,0,1
540,405,32,0,0,0,0,0,0,1
540,410,36,0,0,0,0,0,0,1
540,415,41,0,0,0,0,0,0,1
540,420,46,0,0,0,0,0,0,2
545,300,76,0,0,0,0,0,0,3
545,305,72,0,0,0,0,0,0,3
545,310,67,0,0,0,0,0,0,2
545,315,62,0,0,0,0,0,0,2
545,320,57,0,0,0,0,0,0,2
545,325,52,0,0,0,0,0,0,2
545,330,47,0,0,0,0,0,0,2
545,335,43,0,0,0,0,0,0,1
545,340,38,0,0,0,0,0,0,1
545,345,34,0,0,0,0,0,0,1
545,350,29,0,0,0,0,0,0,1
545,355,25,0,0,0,0,0,0,1
545,360,21,0,0,0,0,0,0,1
545,365,18,0,0,0,0,0,0,1
545,370,16,0,0,0,0,0,0,1
545,375,15,0,0,0,0,0,0,1
545,380,16,0,0,0,0,0,0,1
545,385,18,0,0,0,0,0,0,1
545,390,21,0,0,0,0,0,0,1
545,395,25,0,0,0,0,0,0,1
545,400,29,0,0,0,0,0,0,1
545,405,34,0,0,0,0,0,0,1
545,410,38,0,0,0,0,0,0,1
545,415,43,0,0,0,0,0,0,1
545,420,47,0,0,0,0,0,0,2
550,300,78,0,0,0,0,0,0,3
550,305,73,0,0,0,0,0,0,3
550,310,68,0,0,0,0,0,0,2
550,315,63,0,0,0,0,0,0,2
550,320,59,0,0,0,0,0,0,2
550,325,54,0,0,0,0,0,0,2
550,330,49,0,0,0,0,0,0,2
550,335,45,0,0,0,0,0,0,2
550,340,40,0,0,0,0,0,0,1
550,345,36,0,0,0,0,0,0,1
550,350,32,0,0,0,0,0,0,1
550,355,28,0,0,0,0,0,0,1
550,360,25,0,0,0,0,0,0,1
550,365,22,0,0,0,0,0,0,1
550,370,21,0,0,0,0,0,0,1
550,375,20,0,0,0,0,0,0,1
550,380,21,0,0,0,0,0,0,1
550,385,22,0,0,0,0,0,0,1
550,390,25,0,0,0,0,0,0,1
550,395,28,0,0,0,0,0,0,1
550,400,32,0,0,0,0,0,0,1
550,405,36,0,0,0,0,0,0,1
550,410,40,0,0,0,0,0,0,1
550,415,45,0,0,0,0,0,0,2
550,420,49,0,0,0,0,0,0,2
555,300,79,0,0,0,0,0,0,3
555,305,74,0,0,0,0,0,0,3
555,310,70,0,0,0,0,0,0,2
555,315,65,0,0,0,0,0,0,2
555,320,60,0,0,0,0,0,0,2
555,325,56,0,0,0,0,0,0,2
555,330,51,0,0,0,0,0,0,2
555,335,47,0,0,0,0,0,0,2
555,340,43,0,0,0,0,0,0,2
555,345,39,0,0,0,0,0,0,1
555,350,35,0,0,0,0,0,0,1
555,355,32,0,0,0,0,0,0,1
555,360,29,0,0,0,0,0,0,1
555,365,27,0,0,0,0,0,0,1
555,370,25,0,0,0,0,0,0,1
555,375,25,0,0,0,0,0,0,1
555,380,25,0,0,0,0,0,0,1
555,385,27,0,0,0,0,0,0,1
555,390,29,0,0,0,0,0,0,1
555,395,32,0,0,0,0,0,0,1
555,400,35,0,0,0,0,0,0,1
555,405,39,0,0,0,0,0,0,1
555,410,43,0,0,0,0,0,0,2
555,415,47,0,0,0,0,0,0,2
555,420,51,0,0,0,0,0,0,2
560,300,81,0,0,0,0,0,0,3
560,305,76,0,0,0,0,0,0,3
560,310,72,0,0,0,0,0,0,3
560,315,67,0,0,0,0,0,0,2
560,320,63,0,0,0,0,0,0,2
560,325,58,0,0,0,0,0,0,2
560,330,54,0,0,0,0,0,0,2
560,335,50,0,0,0,0,0,0,2
560,340,46,0,0,0,0,0,0,2
560,345,42,0,0,0,0,0,0,1
560,350,39,0,0,0,0,0,0,1
560,355,36,0,0,0,0,0,0,1
560,360,34,0,0,0,0,0,0,1
560,365,32,0,0,0,0,0,0,1
560,370,30,0,0,0,0,0,0,1
560,375,30,0,0,0,0,0,0,1
560,380,30,0,0,0,0,0,0,1
560,385,32,0,0,0,0,0,0,1
560,390,34,0,0,0,0,0,0,1
560,395,36,0,0,0,0,0,0,1
560,400,39,0,0,0,0,0,0,1
560,405,42,0,0,0,0,0,0,1
560,410,46,0,0,0,0,0,0,2
560,415,50,0,0,0,0,0,0,2
560,420,54,0,0,0,0,0,0,2
565,300,83,0,0,0,0,0,0,3
565,305,78,0,0,0,0,0,0,3
565,310,74,0,0,0,0,0,0,3
565,315,69,0,0,0,0,0,0,2
565,320,65,0,0,0,0,0,0,2
565,325,61,0,0,0,0,0,0,2
565,330,57,0,0,0,0,0,0,2
565,335,53,0,0,0,0,0,0,2
565,340,49,0,0,0,0,0,0,2
565,345,46,0,0,0,0,0,0,2
565,350,43,0,0,0,0,0,0,2
565,355,40,0,0,0,0,0,0,1
565,360,38,0,0,0,0,0,0,1
565,365,36,0,0,0,0,0,0,1
565,370,35,0,0,0,0,0,0,1
565,375,35,0,0,0,0,0,0,1
565,380,35,0,0,0,0,0,0,1
565,385,36,0,0,0,0,0,0,1
565,390,38,0,0,0,0,0,0,1
565,395,40,0,0,0,0,0,0,1
565,400,43,0,0,0,0,0,0,2
565,405,46,0,0,0,0,0,0,2
565,410,49,0,0,0,0,0,0,2
565,415,53,0,0,0,0,0,0,2
565,420,57,0,0,0,0,0,0,2
570,300,85,0,0,0,0,0,0,3
570,305,81,0,0,0,0,0,0,3
570,310,76,0,0,0,0,0,0,3
570,315,72,0,0,0,0,0,0,3
570,320,68,0,0,0,0,0,0,2
570,325,64,0,0,0,0,0,0,2
570,330,60,0,0,0,0,0,0,2
570,335,57,0,0,0,0,0,0,2
570,340,53,0,0,0,0,0,0,2
570,345,50,0,0,0,0,0,0,2
570,350,47,0,0,0,0,0,0,2
570,355,45,0,0,0,0,0,0,2
570,360,43,0,0,0,0,0,0,1
570,365,41,0,0,0,0,0,0,1
570,370,40,0,0,0,0,0,0,1
570,375,40,0,0,0,0,0,0,1
570,380,40,0,0,0,0,0,0,1
570,385,41,0,0,0,0,0,0,1
570,390,43,0,0,0,0,0,0,1
570,395,45,0,0,0,0,0,0,2
570,400,47,0,0,0,0,0,0,2
570,405,50,0,0,0,0,0,0,2
570,410,53,0,0,0,0,0,0,2
570,415,57,0,0,0,0,0,0,2
570,420,60,0,0,0,0,0,0,2
575,300,87,0,0,0,0,0,0,3
575,305,83,0,0,0,0,0,0,3
575,310,79,0,0,0,0,0,0,3
575,315,75,0,0,0,0,0,0,3
575,320,71,0,0,0,0,0,0,2
575,325,67,0,0,0,0,0,0,2
575,330,64,0,0,0,0,0,0,2
575,335,60,0,0,0,0,0,0,2
575,340,57,0,0,0,0,0,0,2
575,345,54,0,0,0,0,0,0,2
575,350,51,0,0,0,0,0,0,2
575,355,49,0,0,0,0,0,0,2
575,360,47,0,0,0,0,0,0,2
575,365,46,0,0,0,0,0,0,2
575,370,45,0,0,0,0,0,0,2
575,375,45,0,0,0,0,0,0,2
575,380,45,0,0,0,0,0,0,2
575,385,46,0,0,0,0,0,0,2
575,390,47,0,0,0,0,0,0,2
575,395,49,0,0,0,0,0,0,2
575,400,51,0,0,0,0,0,0,2
575,405,54,0,0,0,0,0,0,2
575,410,57,0,0,0,0,0,0,2
575,415,60,0,0,0,0,0,0,2
575,420,64,0,0,0,0,0,0,2
580,300,90,0,0,0,0,0,0,3
580,305,86,0,0,0,0,0,0,3
580,310,82,0,0,0,0,0,0,3
580,315,78,0,0,0,0,0,0,3
580,320,74,0,0,0,0,0,0,3
580,325,71,0,0,0,0,0,0,2
580,330,67,0,0,0,0,0,0,2
580,335,64,0,0,0,0,0,0,2
580,340,61,0,0,0,0,0,0,2
580,345,58,0,0,0,0,0,0,2
580,350,56,0,0,0,0,0,0,2
580,355,54,0,0,0,0,0,0,2
580,360,52,0,0,0,0,0,0,2
580,365,51,0,0,0,0,0,0,2
580,370,50,0,0,0,0,0,0,2
580,375,50,0,0,0,0,0,0,2
580,380,50,0,0,0,0,0,0,2
580,385,51,0,0,0,0,0,0,2
580,390,52,0,0,0,0,0,0,2
580,395,54,0,0,0,0,0,0,2
580,400,56,0,0,0,0,0,0,2
580,405,58,0,0,0,0,0,0,2
580,410,61,0,0,0,0,0,0,2
580,415,64,0,0,0,0,0,0,2
580,420,67,0,0,0,0,0,0,2
585,300,93,0,0,0,0,0,0,3
585,305,89,0,0,0,0,0,0,3
585,310,85,0,0,0,0,0,0,3
585,315,81,0,0,0,0,0,0,3
585,320,78,0,0,0,0,0,0,3
585,325,74,0,0,0,0,0,0,3
585,330,71,0,0,0,0,0,0,2
585,335,68,0,0,0,0,0,0,2
585,340,65,0,0,0,0,0,0,2
585,345,63,0,0,0,0,0,0,2
585,350,60,0,0,0,0,0,0,2
585,355,59,0,0,0,0,0,0,2
585,360,57,0,0,0,0,0,0,2
585,365,56,0,0,0,0,0,0,2
585,370,55,0,0,0,0,0,0,2
585,375,55,0,0,0,0,0,0,2
585,380,55,0,0,0,0,0,0,2
585,385,56,0,0,0,0,0,0,2
585,390,57,0,0,0,0,0,0,2
585,395,59,0,0,0,0,0,0,2
585,400,60,0,0,0,0,0,0,2
585,405,63,0,0,0,0,0,0,2
585,410,65,0,0,0,0,0,0,2
585,415,68,0,0,0,0,0,0,2
585,420,71,0,0,0,0,0,0,2
590,300,96,0,0,0,0,0,0,3
590,305,92,0,0,0,0,0,0,3
590,310,88,0,0,0,0,0,0,3
590,315,85,0,0,0,0,0,0,3
590,320,81,0,0,0,0,0,0,3
590,325,78,0,0,0,0,0,0,3
590,330,75,0,0,0,0,0,0,3
590,335,72,0,0,0,0,0,0,3
590,340,69,0,0,0,0,0,0,2
590,345,67,0,0,0,0,0,0,2
590,350,65,0,0,0,0,0,0,2
590,355,63,0,0,0,0,0,0,2
590,360,62,0,0,0,0,0,0,2
590,365,61,0,0,0,0,0,0,2
590,370,60,0,0,0,0,0,0,2
590,375,60,0,0,0,0,0,0,2
590,380,60,0,0,0,0,0,0,2
590,385,61,0,0,0,0,0,0,2
590,390,62,0,0,0,0,0,0,2
590,395,63,0,0,0,0,0,0,2
590,400,65,0,0,0,0,0,0,2
590,405,67,0,0,0,0,0,0,2
590,410,69,0,0,0,0,0,0,2
590,415,72,0,0,0,0,0,0,3
590,420,75,0,0,0,0,0,0,3
595,300,99,0,0,0,0,0,0,3
595,305,96,0,0,0,0,0,0,3
595,310,92,0,0,0,0,0,0,3
595,315,88,0,0,0,0,0,0,3
595,320,85,0,0,0,0,0,0,3
595,325,82,0,0,0,0,0,0,3
595,330,79,0,0,0,0,0,0,3
595,335,76,0,0,0,0,0,0,3
595,340,74,0,0,0,0,0,0,3
595,345,72,0,0,0,0,0,0,3
595,350,70,0,0,0,0,0,0,2
595,355,68,0,0,0,0,0,0,2
595,360,67,0,0,0,0,0,0,2
595,365,66,0,0,0,0,0,0,2
595,370,65,0,0,0,0,0,0,2
595,375,65,0,0,0,0,0,0,2
595,380,65,0,0,0,0,0,0,2
595,385,66,0,0,0,0,0,0,2
595,390,67,0,0,0,0,0,0,2
595,395,68,0,0,0,0,0,0,2
595,400,70,0,0,0,0,0,0,2
595,405,72,0,0,0,0,0,0,3
595,410,74,0,0,0,0,0,0,3
595,415,76,0,0,0,0,0,0,3
595,420,79,0,0,0,0,0,0,3
600,300,103,0,0,0,0,0,0,4
600,305,99,0,0,0,0,0,0,3
600,310,96,0,0,0,0,0,0,3
600,315,92,0,0,0,0,0,0,3
600,320,89,0,0,0,0,0,0,3
600,325,86,0,0,0,0,0,0,3
600,330,83,0,0,0,0,0,0,3
600,335,81,0,0,0,0,0,0,3
600,340,78,0,0,0,0,0,0,3
600,345,76,0,0,0,0,0,0,3
600,350,74,0,0,0,0,0,0,3
600,355,73,0,0,0,0,0,0,3
600,360,72,0,0,0,0,0,0,3
600,365,71,0,0,0,0,0,0,2
600,370,70,0,0,0,0,0,0,2
600,375,70,0,0,0,0,0,0,2
600,380,70,0,0,0,0,0,0,2
600,385,71,0,0,0,0,0,0,2
600,390,72,0,0,0,0,0,0,3
600,395,73,0,0,0,0,0,0,3
600,400,74,0,0,0,0,0,0,3
600,405,76,0,0,0,0,0,0,3
600,410,78,0,0,0,0,0,0,3
600,415,81,0,0,0,0,0,0,3
600,420,83,0,0,0,0,0,0,3
480,60,319,0,0,0,2,0,0,27
480,65,314,0,0,0,2,0,0,27
480,70,309,0,0,0,2,0,0,27
480,75,304,0,0,0,2,0,0,27
480,80,299,0,0,0,2,0,0,26
480,85,294,0,0,0,2,0,0,26
480,90,289,0,0,0,2,0,0,26
480,95,284,0,0,0,2,0,0,26
480,100,280,0,0,0,2,0,0,26
480,105,275,0,0,0,2,0,0,26
480,110,270,0,0,0,2,0,0,25
480,115,265,0,0,0,2,0,0,25
480,120,260,0,0,0,2,0,0,25
480,125,255,0,0,0,2,0,0,25
480,130,250,0,0,0,2,0,0,25
480,135,245,0,0,0,2,0,0,25
480,140,240,0,0,0,2,0,0,24
480,145,235,0,0,0,2,0,0,24
480,150,230,0,0,0,2,0,0,24
480,155,226,0,0,0,2,0,0,24
480,160,221,0,0,0,2,0,0,24
480,165,216,0,0,0,2,0,0,24
480,170,211,0,0,0,2,0,0,23
480,175,206,0,0,0,2,0,0,23
480,180,201,0,0,0,2,0,0,23
480,185,196,0,0,0,2,0,0,23
480,190,192,0,0,0,2,0,0,23
480,195,187,0,0,0,2,0,0,23
480,200,182,0,0,0,2,0,0,22
480,205,177,0,0,0,2,0,0,22
480,210,172,0,0,0,2,0,0,22
480,215,168,0,0,0,2,0,0,22
480,220,163,0,0,0,2,0,0,22
480,225,158,0,0,0,2,0,0,22
480,230,153,0,0,0,2,0,0,21
480,235,149,0,0,0,2,0,0,21
480,240,144,0,0,0,2,0,0,21
480,245,139,0,0,0,2,0,0,21
480,250,135,0,0,0,2,0,0,21
480,255,130,0,0,0,2,0,0,21
480,260,125,0,0,0,2,0,0,20
480,265,121,0,0,0,2,0,0,20
480,270,116,0,0,0,2,0,0,20
480,275,112,0,0,0,2,0,0,20
480,280,107,0,0,0,2,0,0,20
480,285,103,0,0,0,2,0,0,20
480,290,99,0,0,0,2,0,0,19
480,295,94,0,0,0,2,0,0,19
480,300,90,0,0,0,2,0,0,19
485,60,318,0,0,0,2,0,0,27
485,65,313,0,0,0,2,0,0,27
485,70,308,0,0,0,2,0,0,27
485,75,303,0,0,0,2,0,0,27
485,80,298,0,0,0,2,0,0,26
485,85,293,0,0,0,2,0,0,26
485,90,289,0,0,0,2,0,0,26
485,95,284,0,0,0,2,0,0,26
485,100,279,0,0,0,2,0,0,26
485,105,274,0,0,0,2,0,0,26
485,110,269,0,0,0,2,0,0,25
485,115,264,0,0,0,2,0,0,25
485,120,259,0,0,0,2,0,0,25
485,125,254,0,0,0,2,0,0,25
485,130,249,0,0,0,2,0,0,25
485,135,244,0,0,0,2,0,0,25
485,140,239,0,0,0,2,0,0,24
485,145,234,0,0,0,2,0,0,24
485,150,229,0,0,0,2,0,0,24
485,155,225,0,0,0,2,0,0,24
485,160,220,0,0,0,2,0,0,24
485,165,215,0,0,0,2,0,0,24
485,170,210,0,0,0,2,0,0,23
485,175,205,0,0,0,2,0,0,23
485,180,200,0,0,0,2,0,0,23
485,185,195,0,0,0,2,0,0,23
485,190,190,0,0,0,2,0,0,23
485,195,186,0,0,0,2,0,0,22
485,200,181,0,0,0,2,0,0,22
485,205,176,0,0,0,2,0,0,22
485,210,171,0,0,0,2,0,0,22
485,215,166,0,0,0,2,0,0,22
485,220,161,0,0,0,2,0,0,22
485,225,157,0,0,0,2,0,0,21
485,230,152,0,0,0,2,0,0,21
485,235,147,0,0,0,2,0,0,21
485,240,142,0,0,0,2,0,0,21
485,245,138,0,0,0,2,0,0,21
485,250,133,0,0,0,2,0,0,21
485,255,128,0,0,0,2,0,0,20
485,260,123,0,0,0,2,0,0,20
485,265,119,0,0,0,2,0,0,20
485,270,114,0,0,0,2,0,0,20
485,275,110,0,0,0,2,0,0,20
485,280,105,0,0,0,2,0,0,20
485,285,101,0,0,0,2,0,0,20
485,290,96,0,0,0,2,0,0,19
485,295,92,0,0,0,2,0,0,19
485,300,87,0,0,0,2,0,0,19
490,60,318,0,0,0,2,0,0,27
490,65,313,0,0,0,2,0,0,27
490,70,308,0,0,0,2,0,0,27
490,75,303,0,0,0,2,0,0,27
490,80,298,0,0,0,2,0,0,26
490,85,293,0,0,0,2,0,0,26
490,90,288,0,0,0,2,0,0,26
490,95,283,0,0,0,2,0,0,26
490,100,278,0,0,0,2,0,0,26
490,105,273,0,0,0,2,0,0,26
490,110,268,0,0,0,2,0,0,25
490,115,263,0,0,0,2,0,0,25
490,120,258,0,0,0,2,0,0,25
490,125,253,0,0,0,2,0,0,25
490,130,248,0,0,0,2,0,0,25
490,135,243,0,0,0,2,0,0,25
490,140,238,0,0,0,2,0,0,24
490,145,233,0,0,0,2,0,0,24
490,150,229,0,0,0,2,0,0,24
490,155,224,0,0,0,2,0,0,24
490,160,219,0,0,0,2,0,0,24
490,165,214,0,0,0,2,0,0,23
490,170,209,0,0,0,2,0,0,23
490,175,204,0,0,0,2,0,0,23
490,180,199,0,0,0,2,0,0,23
490,185,194,0,0,0,2,0,0,23
490,190,189,0,0,0,2,0,0,23
490,195,184,0,0,0,2,0,0,22
490,200,180,0,0,0,2,0,0,22
490,205,175,0,0,0,2,0,0,22
490,210,170,0,0,0,2,0,0,22
490,215,165,0,0,0,2,0,0,22
490,220,160,0,0,0,2,0,0,22
490,225,155,0,0,0,2,0,0,21
490,230,150,0,0,0,2,0,0,21
490,235,146,0,0,0,2,0,0,21
490,240,141,0,0,0,2,0,0,21
490,245,136,0,0,0,2,0,0,21
490,250,131,0,0,0,2,0,0,21
490,255,126,0,0,0,2,0,0,20
490,260,122,0,0,0,2,0,0,20
490,265,117,0,0,0,2,0,0,20
490,270,112,0,0,0,2,0,0,20
490,275,108,0,0,0,2,0,0,20
490,280,103,0,0,0,2,0,0,20
490,285,98,0,0,0,2,0,0,19
490,290,94,0,0,0,2,0,0,19
490,295,89,0,0,0,2,0,0,19
490,300,85,0,0,0,2,0,0,19
495,60,317,0,0,0,2,0,0,27
495,65,312,0,0,0,2,0,0,27
495,70,307,0,0,0,2,0,0,27
495,75,302,0,0,0,2,0,0,27
495,80,297,0,0,0,2,0,0,26
495,85,292,0,0,0,2,0,0,26
495,90,287,0,0,0,2,0,0,26
495,95,282,0,0,0,2,0,0,26
495,100,277,0,0,0,2,0,0,26
495,105,272,0,0,0,2,0,0,26
495,110,267,0,0,0,2,0,0,25
495,115,262,0,0,0,2,0,0,25
495,120,257,0,0,0,2,0,0,25
495,125,252,0,0,0,2,0,0,25
495,130,247,0,0,0,2,0,0,25
495,135,243,0,0,0,2,0,0,24
495,140,238,0,0,0,2,0,0,24
495,145,233,0,0,0,2,0,0,24
495,150,228,0,0,0,2,0,0,24
495,155,223,0,0,0,2,0,0,24
495,160,218,0,0,0,2,0,0,24
495,165,213,0,0,0,2,0,0,23
495,170,208,0,0,0,2,0,0,23
495,175,203,0,0,0,2,0,0,23
495,180,198,0,0,0,2,0,0,23
495,185,193,0,0,0,2,0,0,23
495,190,188,0,0,0,2,0,0,23
495,195,183,0,0,0,2,0,0,22
495,200,178,0,0,0,2,0,0,22
495,205,174,0,0,0,2,0,0,22
495,210,169,0,0,0,2,0,0,22
495,215,164,0,0,0,2,0,0,22
495,220,159,0,0,0,2,0,0,22
495,225,154,0,0,0,2,0,0,21
495,230,149,0,0,0,2,0,0,21
495,235,144,0,0,0,2,0,0,21
495,240,139,0,0,0,2,0,0,21
495,245,135,0,0,0,2,0,0,21
495,250,130,0,0,0,2,0,0,21
495,255,125,0,0,0,2,0,0,20
495,260,120,0,0,0,2,0,0,20
495,265,115,0,0,0,2,0,0,20
495,270,111,0,0,0,2,0,0,20
495,275,106,0,0,0,2,0,0,20
495,280,101,0,0,0,2,0,0,20
495,285,97,0,0,0,2,0,0,19
495,290,92,0,0,0,2,0,0,19
495,295,87,0,0,0,2,0,0,19
495,300,83,0,0,0,2,0,0,19
500,60,316,0,0,0,2,0,0,27
500,65,311,0,0,0,2,0,0,27
500,70,306,0,0,0,2,0,0,27
500,75,301,0,0,0,2,0,0,27
500,80,297,0,0,0,2,0,0,26
500,85,292,0,0,0,2,0,0,26
500,90,287,0,0,0,2,0,0,26
500,95,282,0,0,0,2,0,0,26
500,100,277,0,0,0,2,0,0,26
500,105,272,0,0,0,2,0,0,26
500,110,267,0,0,0,2,0,0,25
500,115,262,0,0,0,2,0,0,25
500,120,257,0,0,0,2,0,0,25
500,125,252,0,0,0,2,0,0,25
500,130,247,0,0,0,2,0,0,25
500,135,242,0,0,0,2,0,0,24
500,140,237,0,0,0,2,0,0,24
500,145,232,0,0,0,2,0,0,24
500,150,227,0,0,0,2,0,0,24
500,155,222,0,0,0,2,0,0,24
500,160,217,0,0,0,2,0,0,24
500,165,212,0,0,0,2,0,0,23
500,170,207,0,0,0,2,0,0,23
500,175,202,0,0,0,2,0,0,23
500,180,197,0,0,0,2,0,0,23
500,185,192,0,0,0,2,0,0,23
500,190,187,0,0,0,2,0,0,23
500,195,182,0,0,0,2,0,0,22
500,200,178,0,0,0,2,0,0,22
500,205,173,0,0,0,2,0,0,22
500,210,168,0,0,0,2,0,0,22
500,215,163,0,0,0,2,0,0,22
500,220,158,0,0,0,2,0,0,22
500,225,153,0,0,0,2,0,0,21
500,230,148,0,0,0,2,0,0,21
500,235,143,0,0,0,2,0,0,21
500,240,138,0,0,0,2,0,0,21
500,245,133,0,0,0,2,0,0,21
500,250,129,0,0,0,2,0,0,20
500,255,124,0,0,0,2,0,0,20
500,260,119,0,0,0,2,0,0,20
500,265,114,0,0,0,2,0,0,20
500,270,109,0,0,0,2,0,0,20
500,275,104,0,0,0,2,0,0,20
500,280,100,0,0,0,2,0,0,19
500,285,95,0,0,0,2,0,0,19
500,290,90,0,0,0,2,0,0,19
500,295,85,0,0,0,2,0,0,19
500,300,81,0,0,0,2,0,0,19
505,60,316,0,0,0,2,0,0,27
505,65,311,0,0,0,2,0,0,27
505,70,306,0,0,0,2,0,0,27
505,75,301,0,0,0,2,0,0,27
505,80,296,0,0,0,2,0,0,26
505,85,291,0,0,0,2,0,0,26
505,90,286,0,0,0,2,0,0,26
505,95,281,0,0,0,2,0,0,26
505,100,276,0,0,0,2,0,0,26
505,105,271,0,0,0,2,0,0,25
505,110,266,0,0,0,2,0,0,25
505,115,261,0,0,0,2,0,0,25
505,120,256,0,0,0,2,0,0,25
505,125,251,0,0,0,2,0,0,25
505,130,246,0,0,0,2,0,0,25
505,135,241,0,0,0,2,0,0,24
505,140,236,0,0,0,2,0,0,24
505,145,231,0,0,0,2,0,0,24
505,150,226,0,0,0,2,0,0,24
505,155,221,0,0,0,2,0,0,24
505,160,216,0,0,0,2,0,0,24
505,165,211,0,0,0,2,0,0,23
505,170,207,0,0,0,2,0,0,23
505,175,202,0,0,0,2,0,0,23
505,180,197,0,0,0,2,0,0,23
505,185,192,0,0,0,2,0,0,23
505,190,187,0,0,0,2,0,0,23
505,195,182,0,0,0,2,0,0,22
505,200,177,0,0,0,2,0,0,22
505,205,172,0,0,0,2,0,0,22
505,210,167,0,0,0,2,0,0,22
505,215,162,0,0,0,2,0,0,22
505,220,157,0,0,0,2,0,0,21
505,225,152,0,0,0,2,0,0,21
505,230,147,0,0,0,2,0,0,21
505,235,142,0,0,0,2,0,0,21
505,240,137,0,0,0,2,0,0,21
505,245,132,0,0,0,2,0,0,21
505,250,127,0,0,0,2,0,0,20
505,255,123,0,0,0,2,0,0,20
505,260,118,0,0,0,2,0,0,20
505,265,113,0,0,0,2,0,0,20
505,270,108,0,0,0,2,0,0,20
505,275,103,0,0,0,2,0,0,20
505,280,98,0,0,0,2,0,0,19
505,285,93,0,0,0,2,0,0,19
505,290,89,0,0,0,2,0,0,19
505,295,84,0,0,0,2,0,0,19
505,300,79,0,0,0,2,0,0,19
510,60,316,0,0,0,2,0,0,27
510,65,311,0,0,0,2,0,0,27
510,70,306,0,0,0,2,0,0,27
510,75,301,0,0,0,2,0,0,27
510,80,296,0,0,0,2,0,0,26
510,85,291,0,0,0,2,0,0,26
510,90,286,0,0,0,2,0,0,26
510,95,281,0,0,0,2,0,0,26
510,100,276,0,0,0,2,0,0,26
510,105,271,0,0,0,2,0,0,25
510,110,266,0,0,0,2,0,0,25
510,115,261,0,0,0,2,0,0,25
510,120,256,0,0,0,2,0,0,25
510,125,251,0,0,0,2,0,0,25
510,130,246,0,0,0,2,0,0,25
510,135,241,0,0,0,2,0,0,24
510,140,236,0,0,0,2,0,0,24
510,145,231,0,0,0,2,0,0,24
510,150,226,0,0,0,2,0,0,24
510,155,221,0,0,0,2,0,0,24
510,160,216,0,0,0,2,0,0,24
510,165,211,0,0,0,2,0,0,23
510,170,206,0,0,0,2,0,0,23
510,175,201,0,0,0,2,0,0,23
510,180,196,0,0,0,2,0,0,23
510,185,191,0,0,0,2,0,0,23
510,190,186,0,0,0,2,0,0,23
510,195,181,0,0,0,2,0,0,22
510,200,176,0,0,0,2,0,0,22
510,205,171,0,0,0,2,0,0,22
510,210,166,0,0,0,2,0,0,22
510,215,161,0,0,0,2,0,0,22
510,220,156,0,0,0,2,0,0,21
510,225,151,0,0,0,2,0,0,21
510,230,146,0,0,0,2,0,0,21
510,235,141,0,0,0,2,0,0,21
510,240,136,0,0,0,2,0,0,21
510,245,132,0,0,0,2,0,0,21
510,250,127,0,0,0,2,0,0,20
510,255,122,0,0,0,2,0,0,20
510,260,117,0,0,0,2,0,0,20
510,265,112,0,0,0,2,0,0,20
510,270,107,0,0,0,2,0,0,20
510,275,102,0,0,0,2,0,0,20
510,280,97,0,0,0,2,0,0,19
510,285,92,0,0,0,2,0,0,19
510,290,87,0,0,0,2,0,0,19
510,295,82,0,0,0,2,0,0,19
510,300,78,0,0,0,2,0,0,19
515,60,315,0,0,0,2,0,0,27
515,65,310,0,0,0,2,0,0,27
515,70,305,0,0,0,2,0,0,27
515,75,300,0,0,0,2,0,0,27
515,80,295,0,0,0,2,0,0,26
515,85,290,0,0,0,2,0,0,26
515,90,285,0,0,0,2,0,0,26
515,95,280,0,0,0,2,0,0,26
515,100,275,0,0,0,2,0,0,26
515,105,270,0,0,0,2,0,0,25
515,110,265,0,0,0,2,0,0,25
515,115,260,0,0,0,2,0,0,25
515,120,255,0,0,0,2,0,0,25
515,125,250,0,0,0,2,0,0,25
515,130,245,0,0,0,2,0,0,25
515,135,240,0,0,0,2,0,0,24
515,140,235,0,0,0,2,0,0,24
515,145,230,0,0,0,2,0,0,24
515,150,225,0,0,0,2,0,0,24
515,155,221,0,0,0,2,0,0,24
515,160,216,0,0,0,2,0,0,24
515,165,211,0,0,0,2,0,0,23
515,170,206,0,0,0,2,0,0,23
515,175,201,0,0,0,2,0,0,23
515,180,196,0,0,0,2,0,0,23
515,185,191,0,0,0,2,0,0,23
515,190,186,0,0,0,2,0,0,22
515,195,181,0,0,0,2,0,0,22
515,200,176,0,0,0,2,0,0,22
515,205,171,0,0,0,2,0,0,22
515,210,166,0,0,0,2,0,0,22
515,215,161,0,0,0,2,0,0,22
515,220,156,0,0,0,2,0,0,21
515,225,151,0,0,0,2,0,0,21
515,230,146,0,0,0,2,0,0,21
515,235,141,0,0,0,2,0,0,21
515,240,136,0,0,0,2,0,0,21
515,245,131,0,0,0,2,0,0,21
515,250,126,0,0,0,2,0,0,20
515,255,121,0,0,0,2,0,0,20
515,260,116,0,0,0,2,0,0,20
515,265,111,0,0,0,2,0,0,20
515,270,106,0,0,0,2,0,0,20
515,275,101,0,0,0,2,0,0,20
515,280,96,0,0,0,2,0,0,19
515,285,91,0,0,0,2,0,0,19
515,290,86,0,0,0,2,0,0,19
515,295,81,0,0,0,2,0,0,19
515,300,76,0,0,0,2,0,0,19
520,60,315,0,0,0,2,0,0,27
520,65,310,0,0,0,2,0,0,27
520,70,305,0,0,0,2,0,0,27
520,75,300,0,0,0,2,0,0,27
520,80,295,0,0,0,2,0,0,26
520,85,290,0,0,0,2,0,0,26
520,90,285,0,0,0,2,0,0,26
520,95,280,0,0,0,2,0,0,26
520,100,275,0,0,0,2,0,0,26
520,105,270,0,0,0,2,0,0,25
520,110,265,0,0,0,2,0,0,25
520,115,260,0,0,0,2,0,0,25
520,120,255,0,0,0,2,0,0,25
520,125,250,0,0,0,2,0,0,25
520,130,245,0,0,0,2,0,0,25
520,135,240,0,0,0,2,0,0,24
520,140,235,0,0,0,2,0,0,24
520,145,230,0,0,0,2,0,0,24
520,150,225,0,0,0,2,0,0,24
520,155,220,0,0,0,2,0,0,24
520,160,215,0,0,0,2,0,0,24
520,165,210,0,0,0,2,0,0,23
520,170,205,0,0,0,2,0,0,23
520,175,200,0,0,0,2,0,0,23
520,180,195,0,0,0,2,0,0,23
520,185,190,0,0,0,2,0,0,23
520,190,185,0,0,0,2,0,0,22
520,195,180,0,0,0,2,0,0,22
520,200,175,0,0,0,2,0,0,22
520,205,170,0,0,0,2,0,0,22
520,210,165,0,0,0,2,0,0,22
520,215,160,0,0,0,2,0,0,22
520,220,155,0,0,0,2,0,0,21
520,225,150,0,0,0,2,0,0,21
520,230,145,0,0,0,2,0,0,21
520,235,140,0,0,0,2,0,0,21
520,240,135,0,0,0,2,0,0,21
520,245,130,0,0,0,2,0,0,21
520,250,125,0,0,0,2,0,0,20
520,255,120,0,0,0,2,0,0,20
520,260,115,0,0,0,2,0,0,20
520,265,110,0,0,0,2,0,0,20
520,270,105,0,0,0,2,0,0,20
520,275,100,0,0,0,2,0,0,20
520,280,96,0,0,0,2,0,0,19
520,285,91,0,0,0,2,0,0,19
520,290,86,0,0,0,2,0,0,19
520,295,81,0,0,0,2,0,0,19
520,300,76,0,0,0,2,0,0,19
525,60,315,0,0,0,2,0,0,27
525,65,310,0,0,0,2,0,0,27
525,70,305,0,0,0,2,0,0,27
525,75,300,0,0,0,2,0,0,27
525,80,295,0,0,0,2,0,0,26
525,85,290,0,0,0,2,0,0,26
525,90,285,0,0,0,2,0,0,26
525,95,280,0,0,0,2,0,0,26
525,100,275,0,0,0,2,0,0,26
525,105,270,0,0,0,2,0,0,25
525,110,265,0,0,0,2,0,0,25
525,115,260,0,0,0,2,0,0,25
525,120,255,0,0,0,2,0,0,25
525,125,250,0,0,0,2,0,0,25
525,130,245,0,0,0,2,0,0,25
525,135,240,0,0,0,2,0,0,24
525,140,235,0,0,0,2,0,0,24
525,145,230,0,0,0,2,0,0,24
525,150,225,0,0,0,2,0,0,24
525,155,220,0,0,0,2,0,0,24
525,160,215,0,0,0,2,0,0,24
525,165,210,0,0,0,2,0,0,23
525,170,205,0,0,0,2,0,0,23
525,175,200,0,0,0,2,0,0,23
525,180,195,0,0,0,2,0,0,23
525,185,190,0,0,0,2,0,0,23
525,190,185,0,0,0,2,0,0,22
525,195,180,0,0,0,2,0,0,22
525,200,175,0,0,0,2,0,0,22
525,205,170,0,0,0,2,0,0,22
525,210,165,0,0,0,2,0,0,22
525,215,160,0,0,0,2,0,0,22
525,220,155,0,0,0,2,0,0,21
525,225,150,0,0,0,2,0,0,21
525,230,145,0,0,0,2,0,0,21
525,235,140,0,0,0,2,0,0,21
525,240,135,0,0,0,2,0,0,21
525,245,130,0,0,0,2,0,0,21
525,250,125,0,0,0,2,0,0,20
525,255,120,0,0,0,2,0,0,20
525,260,115,0,0,0,2,0,0,20
525,265,110,0,0,0,2,0,0,20
525,270,105,0,0,0,2,0,0,20
525,275,100,0,0,0,2,0,0,20
525,280,95,0,0,0,2,0,0,19
525,285,90,0,0,0,2,0,0,19
525,290,85,0,0,0,2,0,0,19
525,295,80,0,0,0,2,0,0,19
525,300,75,0,0,0,2,0,0,19
530,60,315,0,0,0,2,0,0,27
530,65,310,0,0,0,2,0,0,27
530,70,305,0,0,0,2,0,0,27
530,75,300,0,0,0,2,0,0,26
530,80,295,0,0,0,2,0,0,26
530,85,290,0,0,0,2,0,0,26
530,90,285,0,0,0,2,0,0,26
530,95,280,0,0,0,2,0,0,26
530,100,275,0,0,0,2,0,0,26
530,105,270,0,0,0,2,0,0,25
530,110,265,0,0,0,2,0,0,25
530,115,260,0,0,0,2,0,0,25
530,120,255,0,0,0,2,0,0,25
530,125,250,0,0,0,2,0,0,25
530,130,245,0,0,0,2,0,0,25
530,135,240,0,0,0,2,0,0,24
530,140,235,0,0,0,2,0,0,24
530,145,230,0,0,0,2,0,0,24
530,150,225,0,0,0,2,0,0,24
530,155,220,0,0,0,2,0,0,24
530,160,215,0,0,0,2,0,0,24
530,165,210,0,0,0,2,0,0,23
530,170,205,0,0,0,2,0,0,23
530,175,200,0,0,0,2,0,0,23
530,180,195,0,0,0,2,0,0,23
530,185,190,0,0,0,2,0,0,23
530,190,185,0,0,0,2,0,0,22
530,195,180,0,0,0,2,0,0,22
530,200,175,0,0,0,2,0,0,22
530,205,170,0,0,0,2,0,0,22
530,210,165,0,0,0,2,0,0,22
530,215,160,0,0,0,2,0,0,22
530,220,155,0,0,0,2,0,0,21
530,225,150,0,0,0,2,0,0,21
530,230,145,0,0,0,2,0,0,21
530,235,140,0,0,0,2,0,0,21
530,240,135,0,0,0,2,0,0,21
530,245,130,0,0,0,2,0,0,21
530,250,125,0,0,0,2,0,0,20
530,255,120,0,0,0,2,0,0,20
530,260,115,0,0,0,2,0,0,20
530,265,110,0,0,0,2,0,0,20
530,270,105,0,0,0,2,0,0,20
530,275,100,0,0,0,2,0,0,20
530,280,95,0,0,0,2,0,0,19
530,285,90,0,0,0,2,0,0,19
530,290,85,0,0,0,2,0,0,19
530,295,80,0,0,0,2,0,0,19
530,300,75,0,0,0,2,0,0,19
535,60,315,0,0,0,2,0,0,27
535,65,310,0,0,0,2,0,0,27
535,70,305,0,0,0,2,0,0,27
535,75,300,0,0,0,2,0,0,27
535,80,295,0,0,0,2,0,0,26
535,85,290,0,0,0,2,0,0,26
535,90,285,0,0,0,2,0,0,26
535,95,280,0,0,0,2,0,0,26
535,100,275,0,0,0,2,0,0,26
535,105,270,0,0,0,2,0,0,25
535,110,265,0,0,0,2,0,0,25
535,115,260,0,0,0,2,0,0,25
535,120,255,0,0,0,2,0,0,25
535,125,250,0,0,0,2,0,0,25
535,130,245,0,0,0,2,0,0,25
535,135,240,0,0,0,2,0,0,24
535,140,235,0,0,0,2,0,0,24
535,145,230,0,0,0,2,0,0,24
535,150,225,0,0,0,2,0,0,24
535,155,220,0,0,0,2,0,0,24
535,160,215,0,0,0,2,0,0,24
535,165,210,0,0,0,2,0,0,23
535,170,205,0,0,0,2,0,0,23
535,175,200,0,0,0,2,0,0,23
535,180,195,0,0,0,2,0,0,23
535,185,190,0,0,0,2,0,0,23
535,190,185,0,0,0,2,0,0,22
535,195,180,0,0,0,2,0,0,22
535,200,175,0,0,0,2,0,0,22
535,205,170,0,0,0,2,0,0,22
535,210,165,0,0,0,2,0,0,22
535,215,160,0,0,0,2,0,0,22
535,220,155,0,0,0,2,0,0,21
535,225,150,0,0,0,2,0,0,21
535,230,145,0,0,0,2,0,0,21
535,235,140,0,0,0,2,0,0,21
535,240,135,0,0,0,2,0,0,21
535,245,130,0,0,0,2,0,0,21
535,250,125,0,0,0,2,0,0,20
535,255,120,0,0,0,2,0,0,20
535,260,115,0,0,0,2,0,0,20
535,265,110,0,0,0,2,0,0,20
535,270,105,0,0,0,2,0,0,20
535,275,100,0,0,0,2,0,0,20
535,280,95,0,0,0,2,0,0,19
535,285,90,0,0,0,2,0,0,19
535,290,85,0,0,0,2,0,0,19
535,295,80,0,0,0,2,0,0,19
535,300,75,0,0,0,2,0,0,19
540,60,315,0,0,0,2,0,0,27
540,65,310,0,0,0,2,0,0,27
540,70,305,0,0,0,2,0,0,27
540,75,300,0,0,0,2,0,0,27
540,80,295,0,0,0,2,0,0,26
540,85,290,0,0,0,2,0,0,26
540,90,285,0,0,0,2,0,0,26
540,95,280,0,0,0,2,0,0,26
540,100,275,0,0,0,2,0,0,26
540,105,270,0,0,0,2,0,0,25
540,110,265,0,0,0,2,0,0,25
540,115,260,0,0,0,2,0,0,25
540,120,255,0,0,0,2,0,0,25
540,125,250,0,0,0,2,0,0,25
540,130,245,0,0,0,2,0,0,25
540,135,240,0,0,0,2,0,0,24
540,140,235,0,0,0,2,0,0,24
540,145,230,0,0,0,2,0,0,24
540,150,225,0,0,0,2,0,0,24
540,155,220,0,0,0,2,0,0,24
540,160,215,0,0,0,2,0,0,24
540,165,210,0,0,0,2,0,0,23
540,170,205,0,0,0,2,0,0,23
540,175,200,0,0,0,2,0,0,23
540,180,195,0,0,0,2,0,0,23
540,185,190,0,0,0,2,0,0,23
540,190,185,0,0,0,2,0,0,22
540,195,180,0,0,0,2,0,0,22
540,200,175,0,0,0,2,0,0,22
540,205,170,0,0,0,2,0,0,22
540,210,165,0,0,0,2,0,0,22
540,215,160,0,0,0,2,0,0,22
540,220,155,0,0,0,2,0,0,21
540,225,150,0,0,0,2,0,0,21
540,230,145,0,0,0,2,0,0,21
540,235,140,0,0,0,2,0,0,21
540,240,135,0,0,0,2,0,0,21
540,245,130,0,0,0,2,0,0,21
540,250,125,0,0,0,2,0,0,20
540,255,120,0,0,0,2,0,0,20
540,260,115,0,0,0,2,0,0,20
540,265,110,0,0,0,2,0,0,20
540,270,105,0,0,0,2,0,0,20
540,275,100,0,0,0,2,0,0,20
540,280,96,0,0,0,2,0,0,19
540,285,91,0,0,0,2,0,0,19
540,290,86,0,0,0,2,0,0,19
540,295,81,0,0,0,2,0,0,19
540,300,76,0,0,0,2,0,0,19
545,60,315,0,0,0,2,0,0,27
545,65,310,0,0,0,2,0,0,27
545,70,305,0,0,0,2,0,0,27
545,75,300,0,0,0,2,0,0,27
545,80,295,0,0,0,2,0,0,26
545,85,290,0,0,0,2,0,0,26
545,90,285,0,0,0,2,0,0,26
545,95,280,0,0,0,2,0,0,26
545,100,275,0,0,0,2,0,0,26
545,105,270,0,0,0,2,0,0,25
545,110,265,0,0,0,2,0,0,25
545,115,260,0,0,0,2,0,0,25
545,120,255,0,0,0,2,0,0,25
545,125,250,0,0,0,2,0,0,25
545,130,245,0,0,0,2,0,0,25
545,135,240,0,0,0,2,0,0,24
545,140,235,0,0,0,2,0,0,24
545,145,230,0,0,0,2,0,0,24
545,150,225,0,0,0,2,0,0,24
545,155,221,0,0,0,2,0,0,24
545,160,216,0,0,0,2,0,0,24
545,165,211,0,0,0,2,0,0,23
545,170,206,0,0,0,2,0,0,23
545,175,201,0,0,0,2,0,0,23
545,180,196,0,0,0,2,0,0,23
545,185,191,0,0,0,2,0,0,23
545,190,186,0,0,0,2,0,0,22
545,195,181,0,0,0,2,0,0,22
545,200,176,0,0,0,2,0,0,22
545,205,171,0,0,0,2,0,0,22
545,210,166,0,0,0,2,0,0,22
545,215,161,0,0,0,2,0,0,22
545,220,156,0,0,0,2,0,0,21
545,225,151,0,0,0,2,0,0,21
545,230,146,0,0,0,2,0,0,21
545,235,141,0,0,0,2,0,0,21
545,240,136,0,0,0,2,0,0,21
545,245,131,0,0,0,2,0,0,21
545,250,126,0,0,0,2,0,0,20
545,255,121,0,0,0,2,0,0,20
545,260,116,0,0,0,2,0,0,20
545,265,111,0,0,0,2,0,0,20
545,270,106,0,0,0,2,0,0,20
545,275,101,0,0,0,2,0,0,20
545,280,96,0,0,0,2,0,0,19
545,285,91,0,0,0,2,0,0,19
545,290,86,0,0,0,2,0,0,19
545,295,81,0,0,0,2,0,0,19
545,300,76,0,0,0,2,0,0,19
550,60,316,0,0,0,2,0,0,27
550,65,311,0,0,0,2,0,0,27
550,70,306,0,0,0,2,0,0,27
550,75,301,0,0,0,2,0,0,27
550,80,296,0,0,0,2,0,0,26
550,85,291,0,0,0,2,0,0,26
550,90,286,0,0,0,2,0,0,26
550,95,281,0,0,0,2,0,0,26
550,100,276,0,0,0,2,0,0,26
550,105,271,0,0,0,2,0,0,25
550,110,266,0,0,0,2,0,0,25
550,115,261,0,0,0,2,0,0,25
550,120,256,0,0,0,2,0,0,25
550,125,251,0,0,0,2,0,0,25
550,130,246,0,0,0,2,0,0,25
550,135,241,0,0,0,2,0,0,24
550,140,236,0,0,0,2,0,0,24
550,145,231,0,0,0,2,0,0,24
550,150,226,0,0,0,2,0,0,24
550,155,221,0,0,0,2,0,0,24
550,160,216,0,0,0,2,0,0,24
550,165,211,0,0,0,2,0,0,23
550,170,206,0,0,0,2,0,0,23
550,175,201,0,0,0,2,0,0,23
550,180,196,0,0,0,2,0,0,23
550,185,191,0,0,0,2,0,0,23
550,190,186,0,0,0,2,0,0,23
550,195,181,0,0,0,2,0,0,22
550,200,176,0,0,0,2,0,0,22
550,205,171,0,0,0,2,0,0,22
550,210,166,0,0,0,2,0,0,22
550,215,161,0,0,0,2,0,0,22
550,220,156,0,0,0,2,0,0,21
550,225,151,0,0,0,2,0,0,21
550,230,146,0,0,0,2,0,0,21
550,235,141,0,0,0,2,0,0,21
550,240,136,0,0,0,2,0,0,21
550,245,132,0,0,0,2,0,0,21
550,250,127,0,0,0,2,0,0,20
550,255,122,0,0,0,2,0,0,20
550,260,117,0,0,0,2,0,0,20
550,265,112,0,0,0,2,0,0,20
550,270,107,0,0,0,2,0,0,20
550,275,102,0,0,0,2,0,0,20
550,280,97,0,0,0,2,0,0,19
550,285,92,0,0,0,2,0,0,19
550,290,87,0,0,0,2,0,0,19
550,295,82,0,0,0,2,0,0,19
550,300,78,0,0,0,2,0,0,19
555,60,316,0,0,0,2,0,0,27
555,65,311,0,0,0,2,0,0,27
555,70,306,0,0,0,2,0,0,27
555,75,301,0,0,0,2,0,0,27
555,80,296,0,0,0,2,0,0,26
555,85,291,0,0,0,2,0,0,26
555,90,286,0,0,0,2,0,0,26
555,95,281,0,0,0,2,0,0,26
555,100,276,0,0,0,2,0,0,26
555,105,271,0,0,0,2,0,0,25
555,110,266,0,0,0,2,0,0,25
555,115,261,0,0,0,2,0,0,25
555,120,256,0,0,0,2,0,0,25
555,125,251,0,0,0,2,0,0,25
555,130,246,0,0,0,2,0,0,25
555,135,241,0,0,0,2,0,0,24
555,140,236,0,0,0,2,0,0,24
555,145,231,0,0,0,2,0,0,24
555,150,226,0,0,0,2,0,0,24
555,155,221,0,0,0,2,0,0,24
555,160,216,0,0,0,2,0,0,24
555,165,211,0,0,0,2,0,0,23
555,170,207,0,0,0,2,0,0,23
555,175,202,0,0,0,2,0,0,23
555,180,197,0,0,0,2,0,0,23
555,185,192,0,0,0,2,0,0,23
555,190,187,0,0,0,2,0,0,23
555,195,182,0,0,0,2,0,0,22
555,200,177,0,0,0,2,0,0,22
555,205,172,0,0,0,2,0,0,22
555,210,167,0,0,0,2,0,0,22
555,215,162,0,0,0,2,0,0,22
555,220,157,0,0,0,2,0,0,21
555,225,152,0,0,0,2,0,0,21
555,230,147,0,0,0,2,0,0,21
555,235,142,0,0,0,2,0,0,21
555,240,137,0,0,0,2,0,0,21
555,245,132,0,0,0,2,0,0,21
555,250,127,0,0,0,2,0,0,20
555,255,123,0,0,0,2,0,0,20
555,260,118,0,0,0,2,0,0,20
555,265,113,0,0,0,2,0,0,20
555,270,108,0,0,0,2,0,0,20
555,275,103,0,0,0,2,0,0,20
555,280,98,0,0,0,2,0,0,19
555,285,93,0,0,0,2,0,0,19
555,290,89,0,0,0,2,0,0,19
555,295,84,0,0,0,2,0,0,19
555,300,79,0,0,0,2,0,0,19
560,60,316,0,0,0,2,0,0,27
560,65,311,0,0,0,2,0,0,27
560,70,306,0,0,0,2,0,0,27
560,75,301,0,0,0,2,0,0,27
560,80,297,0,0,0,2,0,0,26
560,85,292,0,0,0,2,0,0,26
560,90,287,0,0,0,2,0,0,26
560,95,282,0,0,0,2,0,0,26
560,100,277,0,0,0,2,0,0,26
560,105,272,0,0,0,2,0,0,26
560,110,267,0,0,0,2,0,0,25
560,115,262,0,0,0,2,0,0,25
560,120,257,0,0,0,2,0,0,25
560,125,252,0,0,0,2,0,0,25
560,130,247,0,0,0,2,0,0,25
560,135,242,0,0,0,2,0,0,24
560,140,237,0,0,0,2,0,0,24
560,145,232,0,0,0,2,0,0,24
560,150,227,0,0,0,2,0,0,24
560,155,222,0,0,0,2,0,0,24
560,160,217,0,0,0,2,0,0,24
560,165,212,0,0,0,2,0,0,23
560,170,207,0,0,0,2,0,0,23
560,175,202,0,0,0,2,0,0,23
560,180,197,0,0,0,2,0,0,23
560,185,192,0,0,0,2,0,0,23
560,190,187,0,0,0,2,0,0,23
560,195,182,0,0,0,2,0,0,22
560,200,178,0,0,0,2,0,0,22
560,205,173,0,0,0,2,0,0,22
560,210,168,0,0,0,2,0,0,22
560,215,163,0,0,0,2,0,0,22
560,220,158,0,0,0,2,0,0,22
560,225,153,0,0,0,2,0,0,21
560,230,148,0,0,0,2,0,0,21
560,235,143,0,0,0,2,0,0,21
560,240,138,0,0,0,2,0,0,21
560,245,133,0,0,0,2,0,0,21
560,250,129,0,0,0,2,0,0,20
560,255,124,0,0,0,2,0,0,20
560,260,119,0,0,0,2,0,0,20
560,265,114,0,0,0,2,0,0,20
560,270,109,0,0,0,2,0,0,20
560,275,104,0,0,0,2,0,0,20
560,280,100,0,0,0,2,0,0,19
560,285,95,0,0,0,2,0,0,19
560,290,90,0,0,0,2,0,0,19
560,295,85,0,0,0,2,0,0,19
560,300,81,0,0,0,2,0,0,19
565,60,317,0,0,0,2,0,0,27
565,65,312,0,0,0,2,0,0,27
565,70,307,0,0,0,2,0,0,27
565,75,302,0,0,0,2,0,0,27
565,80,297,0,0,0,2,0,0,26
565,85,292,0,0,0,2,0,0,26
565,90,287,0,0,0,2,0,0,26
565,95,282,0,0,0,2,0,0,26
565,100,277,0,0,0,2,0,0,26
565,105,272,0,0,0,2,0,0,26
565,110,267,0,0,0,2,0,0,25
565,115,262,0,0,0,2,0,0,25
565,120,257,0,0,0,2,0,0,25
565,125,252,0,0,0,2,0,0,25
565,130,247,0,0,0,2,0,0,25
565,135,243,0,0,0,2,0,0,24
565,140,238,0,0,0,2,0,0,24
565,145,233,0,0,0,2,0,0,24
565,150,228,0,0,0,2,0,0,24
565,155,223,0,0,0,2,0,0,24
565,160,218,0,0,0,2,0,0,24
565,165,213,0,0,0,2,0,0,23
565,170,208,0,0,0,2,0,0,23
565,175,203,0,0,0,2,0,0,23
565,180,198,0,0,0,2,0,0,23
565,185,193,0,0,0,2,0,0,23
565,190,188,0,0,0,2,0,0,23
565,195,183,0,0,0,2,0,0,22
565,200,178,0,0,0,2,0,0,22
565,205,174,0,0,0,2,0,0,22
565,210,169,0,0,0,2,0,0,22
565,215,164,0,0,0,2,0,0,22
565,220,159,0,0,0,2,0,0,22
565,225,154,0,0,0,2,0,0,21
565,230,149,0,0,0,2,0,0,21
565,235,144,0,0,0,2,0,0,21
565,240,139,0,0,0,2,0,0,21
565,245,135,0,0,0,2,0,0,21
565,250,130,0,0,0,2,0,0,21
565,255,125,0,0,0,2,0,0,20
565,260,120,0,0,0,2,0,0,20
565,265,115,0,0,0,2,0,0,20
565,270,111,0,0,0,2,0,0,20
565,275,106,0,0,0,2,0,0,20
565,280,101,0,0,0,2,0,0,20
565,285,97,0,0,0,2,0,0,19
565,290,92,0,0,0,2,0,0,19
565,295,87,0,0,0,2,0,0,19
565,300,83,0,0,0,2,0,0,19
570,60,318,0,0,0,2,0,0,27
570,65,313,0,0,0,2,0,0,27
570,70,308,0,0,0,2,0,0,27
570,75,303,0,0,0,2,0,0,27
570,80,298,0,0,0,2,0,0,26
570,85,293,0,0,0,2,0,0,26
570,90,288,0,0,0,2,0,0,26
570,95,283,0,0,0,2,0,0,26
570,100,278,0,0,0,2,0,0,26
570,105,273,0,0,0,2,0,0,26
570,110,268,0,0,0,2,0,0,25
570,115,263,0,0,0,2,0,0,25
570,120,258,0,0,0,2,0,0,25
570,125,253,0,0,0,2,0,0,25
570,130,248,0,0,0,2,0,0,25
570,135,243,0,0,0,2,0,0,25
570,140,238,0,0,0,2,0,0,24
570,145,233,0,0,0,2,0,0,24
570,150,229,0,0,0,2,0,0,24
570,155,224,0,0,0,2,0,0,24
570,160,219,0,0,0,2,0,0,24
570,165,214,0,0,0,2,0,0,23
570,170,209,0,0,0,2,0,0,23
570,175,204,0,0,0,2,0,0,23
570,180,199,0,0,0,2,0,0,23
570,185,194,0,0,0,2,0,0,23
570,190,189,0,0,0,2,0,0,23
570,195,184,0,0,0,2,0,0,22
570,200,180,0,0,0,2,0,0,22
570,205,175,0,0,0,2,0,0,22
570,210,170,0,0,0,2,0,0,22
570,215,165,0,0,0,2,0,0,22
570,220,160,0,0,0,2,0,0,22
570,225,155,0,0,0,2,0,0,21
570,230,150,0,0,0,2,0,0,21
570,235,146,0,0,0,2,0,0,21
570,240,141,0,0,0,2,0,0,21
570,245,136,0,0,0,2,0,0,21
570,250,131,0,0,0,2,0,0,21
570,255,126,0,0,0,2,0,0,20
570,260,122,0,0,0,2,0,0,20
570,265,117,0,0,0,2,0,0,20
570,270,112,0,0,0,2,0,0,20
570,275,108,0,0,0,2,0,0,20
570,280,103,0,0,0,2,0,0,20
570,285,98,0,0,0,2,0,0,19
570,290,94,0,0,0,2,0,0,19
570,295,89,0,0,0,2,0,0,19
570,300,85,0,0,0,2,0,0,19
575,60,318,0,0,0,2,0,0,27
575,65,313,0,0,0,2,0,0,27
575,70,308,0,0,0,2,0,0,27
575,75,303,0,0,0,2,0,0,27
575,80,298,0,0,0,2,0,0,26
575,85,293,0,0,0,2,0,0,26
575,90,289,0,0,0,2,0,0,26
575,95,284,0,0,0,2,0,0,26
575,100,279,0,0,0,2,0,0,26
575,105,274,0,0,0,2,0,0,26
575,110,269,0,0,0,2,0,0,25
575,115,264,0,0,0,2,0,0,25
575,120,259,0,0,0,2,0,0,25
575,125,254,0,0,0,2,0,0,25
575,130,249,0,0,0,2,0,0,25
575,135,244,0,0,0,2,0,0,25
575,140,239,0,0,0,2,0,0,24
575,145,234,0,0,0,2,0,0,24
575,150,229,0,0,0,2,0,0,24
575,155,225,0,0,0,2,0,0,24
575,160,220,0,0,0,2,0,0,24
575,165,215,0,0,0,2,0,0,24
575,170,210,0,0,0,2,0,0,23
575,175,205,0,0,0,2,0,0,23
575,180,200,0,0,0,2,0,0,23
575,185,195,0,0,0,2,0,0,23
575,190,190,0,0,0,2,0,0,23
575,195,186,0,0,0,2,0,0,22
575,200,181,0,0,0,2,0,0,22
575,205,176,0,0,0,2,0,0,22
575,210,171,0,0,0,2,0,0,22
575,215,166,0,0,0,2,0,0,22
575,220,161,0,0,0,2,0,0,22
575,225,157,0,0,0,2,0,0,21
575,230,152,0,0,0,2,0,0,21
575,235,147,0,0,0,2,0,0,21
575,240,142,0,0,0,2,0,0,21
575,245,138,0,0,0,2,0,0,21
575,250,133,0,0,0,2,0,0,21
575,255,128,0,0,0,2,0,0,20
575,260,123,0,0,0,2,0,0,20
575,265,119,0,0,0,2,0,0,20
575,270,114,0,0,0,2,0,0,20
575,275,110,0,0,0,2,0,0,20
575,280,105,0,0,0,2,0,0,20
575,285,101,0,0,0,2,0,0,20
575,290,96,0,0,0,2,0,0,19
575,295,92,0,0,0,2,0,0,19
575,300,87,0,0,0,2,0,0,19
580,60,319,0,0,0,2,0,0,27
580,65,314,0,0,0,2,0,0,27
580,70,309,0,0,0,2,0,0,27
580,75,304,0,0,0,2,0,0,27
580,80,299,0,0,0,2,0,0,26
580,85,294,0,0,0,2,0,0,26
580,90,289,0,0,0,2,0,0,26
580,95,284,0,0,0,2,0,0,26
580,100,280,0,0,0,2,0,0,26
580,105,275,0,0,0,2,0,0,26
580,110,270,0,0,0,2,0,0,25
580,115,265,0,0,0,2,0,0,25
580,120,260,0,0,0,2,0,0,25
580,125,255,0,0,0,2,0,0,25
580,130,250,0,0,0,2,0,0,25
580,135,245,0,0,0,2,0,0,25
580,140,240,0,0,0,2,0,0,24
580,145,235,0,0,0,2,0,0,24
580,150,230,0,0,0,2,0,0,24
580,155,226,0,0,0,2,0,0,24
580,160,221,0,0,0,2,0,0,24
580,165,216,0,0,0,2,0,0,24
580,170,211,0,0,0,2,0,0,23
580,175,206,0,0,0,2,0,0,23
580,180,201,0,0,0,2,0,0,23
580,185,196,0,0,0,2,0,0,23
580,190,192,0,0,0,2,0,0,23
580,195,187,0,0,0,2,0,0,23
580,200,182,0,0,0,2,0,0,22
580,205,177,0,0,0,2,0,0,22
580,210,172,0,0,0,2,0,0,22
580,215,168,0,0,0,2,0,0,22
580,220,163,0,0,0,2,0,0,22
580,225,158,0,0,0,2,0,0,22
580,230,153,0,0,0,2,0,0,21
580,235,149,0,0,0,2,0,0,21
580,240,144,0,0,0,2,0,0,21
580,245,139,0,0,0,2,0,0,21
580,250,135,0,0,0,2,0,0,21
580,255,130,0,0,0,2,0,0,21
580,260,125,0,0,0,2,0,0,20
580,265,121,0,0,0,2,0,0,20
580,270,116,0,0,0,2,0,0,20
580,275,112,0,0,0,2,0,0,20
580,280,107,0,0,0,2,0,0,20
580,285,103,0,0,0,2,0,0,20
580,290,99,0,0,0,2,0,0,19
580,295,94,0,0,0,2,0,0,19
580,300,90,0,0,0,2,0,0,19
585,60,320,0,0,0,2,0,0,27
585,65,315,0,0,0,2,0,0,27
585,70,310,0,0,0,2,0,0,27
585,75,305,0,0,0,2,0,0,27
585,80,300,0,0,0,2,0,0,27
585,85,295,0,0,0,2,0,0,26
585,90,290,0,0,0,2,0,0,26
585,95,285,0,0,0,2,0,0,26
585,100,280,0,0,0,2,0,0,26
585,105,276,0,0,0,2,0,0,26
585,110,271,0,0,0,2,0,0,25
585,115,266,0,0,0,2,0,0,25
585,120,261,0,0,0,2,0,0,25
585,125,256,0,0,0,2,0,0,25
585,130,251,0,0,0,2,0,0,25
585,135,246,0,0,0,2,0,0,25
585,140,241,0,0,0,2,0,0,24
585,145,236,0,0,0,2,0,0,24
585,150,232,0,0,0,2,0,0,24
585,155,227,0,0,0,2,0,0,24
585,160,222,0,0,0,2,0,0,24
585,165,217,0,0,0,2,0,0,24
585,170,212,0,0,0,2,0,0,23
585,175,207,0,0,0,2,0,0,23
585,180,203,0,0,0,2,0,0,23
585,185,198,0,0,0,2,0,0,23
585,190,193,0,0,0,2,0,0,23
585,195,188,0,0,0,2,0,0,23
585,200,183,0,0,0,2,0,0,22
585,205,179,0,0,0,2,0,0,22
585,210,174,0,0,0,2,0,0,22
585,215,169,0,0,0,2,0,0,22
585,220,164,0,0,0,2,0,0,22
585,225,160,0,0,0,2,0,0,22
585,230,155,0,0,0,2,0,0,21
585,235,150,0,0,0,2,0,0,21
585,240,146,0,0,0,2,0,0,21
585,245,141,0,0,0,2,0,0,21
585,250,137,0,0,0,2,0,0,21
585,255,132,0,0,0,2,0,0,21
585,260,127,0,0,0,2,0,0,20
585,265,123,0,0,0,2,0,0,20
585,270,119,0,0,0,2,0,0,20
585,275,114,0,0,0,2,0,0,20
585,280,110,0,0,0,2,0,0,20
585,285,105,0,0,0,2,0,0,20
585,290,101,0,0,0,2,0,0,20
585,295,97,0,0,0,2,0,0,19
585,300,93,0,0,0,2,0,0,19
590,60,321,0,0,0,2,0,0,27
590,65,316,0,0,0,2,0,0,27
590,70,311,0,0,0,2,0,0,27
590,75,306,0,0,0,2,0,0,27
590,80,301,0,0,0,2,0,0,27
590,85,296,0,0,0,2,0,0,26
590,90,291,0,0,0,2,0,0,26
590,95,286,0,0,0,2,0,0,26
590,100,281,0,0,0,2,0,0,26
590,105,277,0,0,0,2,0,0,26
590,110,272,0,0,0,2,0,0,26
590,115,267,0,0,0,2,0,0,25
590,120,262,0,0,0,2,0,0,25
590,125,257,0,0,0,2,0,0,25
590,130,252,0,0,0,2,0,0,25
590,135,247,0,0,0,2,0,0,25
590,140,243,0,0,0,2,0,0,24
590,145,238,0,0,0,2,0,0,24
590,150,233,0,0,0,2,0,0,24
590,155,228,0,0,0,2,0,0,24
590,160,223,0,0,0,2,0,0,24
590,165,218,0,0,0,2,0,0,24
590,170,214,0,0,0,2,0,0,23
590,175,209,0,0,0,2,0,0,23
590,180,204,0,0,0,2,0,0,23
590,185,199,0,0,0,2,0,0,23
590,190,194,0,0,0,2,0,0,23
590,195,190,0,0,0,2,0,0,23
590,200,185,0,0,0,2,0,0,22
590,205,180,0,0,0,2,0,0,22
590,210,176,0,0,0,2,0,0,22
590,215,171,0,0,0,2,0,0,22
590,220,166,0,0,0,2,0,0,22
590,225,162,0,0,0,2,0,0,22
590,230,157,0,0,0,2,0,0,21
590,235,152,0,0,0,2,0,0,21
590,240,148,0,0,0,2,0,0,21
590,245,143,0,0,0,2,0,0,21
590,250,139,0,0,0,2,0,0,21
590,255,134,0,0,0,2,0,0,21
590,260,130,0,0,0,2,0,0,21
590,265,125,0,0,0,2,0,0,20
590,270,121,0,0,0,2,0,0,20
590,275,117,0,0,0,2,0,0,20
590,280,112,0,0,0,2,0,0,20
590,285,108,0,0,0,2,0,0,20
590,290,104,0,0,0,2,0,0,20
590,295,100,0,0,0,2,0,0,20
590,300,96,0,0,0,2,0,0,19
595,60,322,0,0,0,2,0,0,27
595,65,317,0,0,0,2,0,0,27
595,70,312,0,0,0,2,0,0,27
595,75,307,0,0,0,2,0,0,27
595,80,302,0,0,0,2,0,0,27
595,85,297,0,0,0,2,0,0,26
595,90,292,0,0,0,2,0,0,26
595,95,287,0,0,0,2,0,0,26
595,100,283,0,0,0,2,0,0,26
595,105,278,0,0,0,2,0,0,26
595,110,273,0,0,0,2,0,0,26
595,115,268,0,0,0,2,0,0,25
595,120,263,0,0,0,2,0,0,25
595,125,258,0,0,0,2,0,0,25
595,130,253,0,0,0,2,0,0,25
595,135,249,0,0,0,2,0,0,25
595,140,244,0,0,0,2,0,0,25
595,145,239,0,0,0,2,0,0,24
595,150,234,0,0,0,2,0,0,24
595,155,229,0,0,0,2,0,0,24
595,160,225,0,0,0,2,0,0,24
595,165,220,0,0,0,2,0,0,24
595,170,215,0,0,0,2,0,0,24
595,175,210,0,0,0,2,0,0,23
595,180,206,0,0,0,2,0,0,23
595,185,201,0,0,0,2,0,0,23
595,190,196,0,0,0,2,0,0,23
595,195,191,0,0,0,2,0,0,23
595,200,187,0,0,0,2,0,0,23
595,205,182,0,0,0,2,0,0,22
595,210,177,0,0,0,2,0,0,22
595,215,173,0,0,0,2,0,0,22
595,220,168,0,0,0,2,0,0,22
595,225,163,0,0,0,2,0,0,22
595,230,159,0,0,0,2,0,0,22
595,235,154,0,0,0,2,0,0,21
595,240,150,0,0,0,2,0,0,21
595,245,145,0,0,0,2,0,0,21
595,250,141,0,0,0,2,0,0,21
595,255,136,0,0,0,2,0,0,21
595,260,132,0,0,0,2,0,0,21
595,265,128,0,0,0,2,0,0,20
595,270,123,0,0,0,2,0,0,20
595,275,119,0,0,0,2,0,0,20
595,280,115,0,0,0,2,0,0,20
595,285,111,0,0,0,2,0,0,20
595,290,107,0,0,0,2,0,0,20
595,295,103,0,0,0,2,0,0,20
595,300,99,0,0,0,2,0,0,19
600,60,323,0,0,0,2,0,0,27
600,65,318,0,0,0,2,0,0,27
600,70,313,0,0,0,2,0,0,27
600,75,308,0,0,0,2,0,0,27
600,80,303,0,0,0,2,0,0,27
600,85,298,0,0,0,2,0,0,26
600,90,293,0,0,0,2,0,0,26
600,95,289,0,0,0,2,0,0,26
600,100,284,0,0,0,2,0,0,26
600,105,279,0,0,0,2,0,0,26
600,110,274,0,0,0,2,0,0,26
600,115,269,0,0,0,2,0,0,25
600,120,264,0,0,0,2,0,0,25
600,125,260,0,0,0,2,0,0,25
600,130,255,0,0,0,2,0,0,25
600,135,250,0,0,0,2,0,0,25
600,140,245,0,0,0,2,0,0,25
600,145,240,0,0,0,2,0,0,24
600,150,236,0,0,0,2,0,0,24
600,155,231,0,0,0,2,0,0,24
600,160,226,0,0,0,2,0,0,24
600,165,221,0,0,0,2,0,0,24
600,170,217,0,0,0,2,0,0,24
600,175,212,0,0,0,2,0,0,23
600,180,207,0,0,0,2,0,0,23
600,185,202,0,0,0,2,0,0,23
600,190,198,0,0,0,2,0,0,23
600,195,193,0,0,0,2,0,0,23
600,200,188,0,0,0,2,0,0,23
600,205,184,0,0,0,2,0,0,22
600,210,179,0,0,0,2,0,0,22
600,215,175,0,0,0,2,0,0,22
600,220,170,0,0,0,2,0,0,22
600,225,166,0,0,0,2,0,0,22
600,230,161,0,0,0,2,0,0,22
600,235,157,0,0,0,2,0,0,21
600,240,152,0,0,0,2,0,0,21
600,245,148,0,0,0,2,0,0,21
600,250,143,0,0,0,2,0,0,21
600,255,139,0,0,0,2,0,0,21
600,260,135,0,0,0,2,0,0,21
600,265,130,0,0,0,2,0,0,21
600,270,126,0,0,0,2,0,0,20
600,275,122,0,0,0,2,0,0,20
600,280,118,0,0,0,2,0,0,20
600,285,114,0,0,0,2,0,0,20
600,290,110,0,0,0,2,0,0,20
600,295,106,0,0,0,2,0,0,20
600,300,103,0,0,0,2,0,0,20
605,60,324,0,0,0,2,0,0,27
605,65,319,0,0,0,2,0,0,27
605,70,314,0,0,0,2,0,0,27
605,75,309,0,0,0,2,0,0,27
605,80,304,0,0,0,2,0,0,27
605,85,300,0,0,0,2,0,0,26
605,90,295,0,0,0,2,0,0,26
605,95,290,0,0,0,2,0,0,26
605,100,285,0,0,0,2,0,0,26
605,105,280,0,0,0,2,0,0,26
605,110,275,0,0,0,2,0,0,26
605,115,271,0,0,0,2,0,0,25
605,120,266,0,0,0,2,0,0,25
605,125,261,0,0,0,2,0,0,25
605,130,256,0,0,0,2,0,0,25
605,135,251,0,0,0,2,0,0,25
605,140,247,0,0,0,2,0,0,25
605,145,242,0,0,0,2,0,0,24
605,150,237,0,0,0,2,0,0,24
605,155,232,0,0,0,2,0,0,24
605,160,228,0,0,0,2,0,0,24
605,165,223,0,0,0,2,0,0,24
605,170,218,0,0,0,2,0,0,24
605,175,214,0,0,0,2,0,0,23
605,180,209,0,0,0,2,0,0,23
605,185,204,0,0,0,2,0,0,23
605,190,200,0,0,0,2,0,0,23
605,195,195,0,0,0,2,0,0,23
605,200,190,0,0,0,2,0,0,23
605,205,186,0,0,0,2,0,0,23
605,210,181,0,0,0,2,0,0,22
605,215,177,0,0,0,2,0,0,22
605,220,172,0,0,0,2,0,0,22
605,225,168,0,0,0,2,0,0,22
605,230,163,0,0,0,2,0,0,22
605,235,159,0,0,0,2,0,0,22
605,240,154,0,0,0,2,0,0,21
605,245,150,0,0,0,2,0,0,21
605,250,146,0,0,0,2,0,0,21
605,255,142,0,0,0,2,0,0,21
605,260,137,0,0,0,2,0,0,21
605,265,133,0,0,0,2,0,0,21
605,270,129,0,0,0,2,0,0,21
605,275,125,0,0,0,2,0,0,20
605,280,121,0,0,0,2,0,0,20
605,285,117,0,0,0,2,0,0,20
605,290,113,0,0,0,2,0,0,20
605,295,110,0,0,0,2,0,0,20
605,300,106,0,0,0,2,0,0,20
610,60,325,0,0,0,2,0,0,27
610,65,320,0,0,0,2,0,0,27
610,70,315,0,0,0,2,0,0,27
610,75,310,0,0,0,2,0,0,27
610,80,306,0,0,0,2,0,0,27
610,85,301,0,0,0,2,0,0,27
610,90,296,0,0,0,2,0,0,26
610,95,291,0,0,0,2,0,0,26
610,100,286,0,0,0,2,0,0,26
610,105,282,0,0,0,2,0,0,26
610,110,277,0,0,0,2,0,0,26
610,115,272,0,0,0,2,0,0,26
610,120,267,0,0,0,2,0,0,25
610,125,262,0,0,0,2,0,0,25
610,130,258,0,0,0,2,0,0,25
610,135,253,0,0,0,2,0,0,25
610,140,248,0,0,0,2,0,0,25
610,145,244,0,0,0,2,0,0,25
610,150,239,0,0,0,2,0,0,24
610,155,234,0,0,0,2,0,0,24
610,160,229,0,0,0,2,0,0,24
610,165,225,0,0,0,2,0,0,24
610,170,220,0,0,0,2,0,0,24
610,175,215,0,0,0,2,0,0,24
610,180,211,0,0,0,2,0,0,23
610,185,206,0,0,0,2,0,0,23
610,190,202,0,0,0,2,0,0,23
610,195,197,0,0,0,2,0,0,23
610,200,192,0,0,0,2,0,0,23
610,205,188,0,0,0,2,0,0,23
610,210,183,0,0,0,2,0,0,22
610,215,179,0,0,0,2,0,0,22
610,220,174,0,0,0,2,0,0,22
610,225,170,0,0,0,2,0,0,22
610,230,166,0,0,0,2,0,0,22
610,235,161,0,0,0,2,0,0,22
610,240,157,0,0,0,2,0,0,21
610,245,153,0,0,0,2,0,0,21
610,250,148,0,0,0,2,0,0,21
610,255,144,0,0,0,2,0,0,21
610,260,140,0,0,0,2,0,0,21
610,265,136,0,0,0,2,0,0,21
610,270,132,0,0,0,2,0,0,21
610,275,128,0,0,0,2,0,0,20
610,280,124,0,0,0,2,0,0,20
610,285,120,0,0,0,2,0,0,20
610,290,117,0,0,0,2,0,0,20
610,295,113,0,0,0,2,0,0,20
610,300,110,0,0,0,2,0,0,20
615,60,326,0,0,0,2,0,0,27
615,65,321,0,0,0,2,0,0,27
615,70,317,0,0,0,2,0,0,27
615,75,312,0,0,0,2,0,0,27
615,80,307,0,0,0,2,0,0,27
615,85,302,0,0,0,2,0,0,27
615,90,297,0,0,0,2,0,0,26
615,95,293,0,0,0,2,0,0,26
615,100,288,0,0,0,2,0,0,26
615,105,283,0,0,0,2,0,0,26
615,110,278,0,0,0,2,0,0,26
615,115,274,0,0,0,2,0,0,26
615,120,269,0,0,0,2,0,0,25
615,125,264,0,0,0,2,0,0,25
615,130,259,0,0,0,2,0,0,25
615,135,255,0,0,0,2,0,0,25
615,140,250,0,0,0,2,0,0,25
615,145,245,0,0,0,2,0,0,25
615,150,241,0,0,0,2,0,0,24
615,155,236,0,0,0,2,0,0,24
615,160,231,0,0,0,2,0,0,24
615,165,227,0,0,0,2,0,0,24
615,170,222,0,0,0,2,0,0,24
615,175,217,0,0,0,2,0,0,24
615,180,213,0,0,0,2,0,0,23
615,185,208,0,0,0,2,0,0,23
615,190,204,0,0,0,2,0,0,23
615,195,199,0,0,0,2,0,0,23
615,200,195,0,0,0,2,0,0,23
615,205,190,0,0,0,2,0,0,23
615,210,186,0,0,0,2,0,0,22
615,215,181,0,0,0,2,0,0,22
615,220,177,0,0,0,2,0,0,22
615,225,172,0,0,0,2,0,0,22
615,230,168,0,0,0,2,0,0,22
615,235,164,0,0,0,2,0,0,22
615,240,160,0,0,0,2,0,0,22
615,245,155,0,0,0,2,0,0,21
615,250,151,0,0,0,2,0,0,21
615,255,147,0,0,0,2,0,0,21
615,260,143,0,0,0,2,0,0,21
615,265,139,0,0,0,2,0,0,21
615,270,135,0,0,0,2,0,0,21
615,275,131,0,0,0,2,0,0,21
615,280,127,0,0,0,2,0,0,20
615,285,124,0,0,0,2,0,0,20
615,290,120,0,0,0,2,0,0,20
615,295,117,0,0,0,2,0,0,20
615,300,113,0,0,0,2,0,0,20
620,60,328,0,0,0,2,0,0,27
620,65,323,0,0,0,2,0,0,27
620,70,318,0,0,0,2,0,0,27
620,75,313,0,0,0,2,0,0,27
620,80,308,0,0,0,2,0,0,27
620,85,304,0,0,0,2,0,0,27
620,90,299,0,0,0,2,0,0,26
620,95,294,0,0,0,2,0,0,26
620,100,289,0,0,0,2,0,0,26
620,105,285,0,0,0,2,0,0,26
620,110,280,0,0,0,2,0,0,26
620,115,275,0,0,0,2,0,0,26
620,120,270,0,0,0,2,0,0,25
620,125,266,0,0,0,2,0,0,25
620,130,261,0,0,0,2,0,0,25
620,135,256,0,0,0,2,0,0,25
620,140,252,0,0,0,2,0,0,25
620,145,247,0,0,0,2,0,0,25
620,150,242,0,0,0,2,0,0,24
620,155,238,0,0,0,2,0,0,24
620,160,233,0,0,0,2,0,0,24
620,165,228,0,0,0,2,0,0,24
620,170,224,0,0,0,2,0,0,24
620,175,219,0,0,0,2,0,0,24
620,180,215,0,0,0,2,0,0,24
620,185,210,0,0,0,2,0,0,23
620,190,206,0,0,0,2,0,0,23
620,195,201,0,0,0,2,0,0,23
620,200,197,0,0,0,2,0,0,23
620,205,192,0,0,0,2,0,0,23
620,210,188,0,0,0,2,0,0,23
620,215,184,0,0,0,2,0,0,22
620,220,179,0,0,0,2,0,0,22
620,225,175,0,0,0,2,0,0,22
620,230,171,0,0,0,2,0,0,22
620,235,166,0,0,0,2,0,0,22
620,240,162,0,0,0,2,0,0,22
620,245,158,0,0,0,2,0,0,22
620,250,154,0,0,0,2,0,0,21
620,255,150,0,0,0,2,0,0,21
620,260,146,0,0,0,2,0,0,21
620,265,142,0,0,0,2,0,0,21
620,270,138,0,0,0,2,0,0,21
620,275,135,0,0,0,2,0,0,21
620,280,131,0,0,0,2,0,0,21
620,285,127,0,0,0,2,0,0,20
620,290,124,0,0,0,2,0,0,20
620,295,120,0,0,0,2,0,0,20
620,300,117,0,0,0,2,0,0,20
625,60,329,0,0,0,2,0,0,28
625,65,324,0,0,0,2,0,0,27
625,70,319,0,0,0,2,0,0,27
625,75,315,0,0,0,2,0,0,27
625,80,310,0,0,0,2,0,0,27
625,85,305,0,0,0,2,0,0,27
625,90,300,0,0,0,2,0,0,27
625,95,296,0,0,0,2,0,0,26
625,100,291,0,0,0,2,0,0,26
625,105,286,0,0,0,2,0,0,26
625,110,282,0,0,0,2,0,0,26
625,115,277,0,0,0,2,0,0,26
625,120,272,0,0,0,2,0,0,26
625,125,267,0,0,0,2,0,0,25
625,130,263,0,0,0,2,0,0,25
625,135,258,0,0,0,2,0,0,25
625,140,253,0,0,0,2,0,0,25
625,145,249,0,0,0,2,0,0,25
625,150,244,0,0,0,2,0,0,25
625,155,240,0,0,0,2,0,0,24
625,160,235,0,0,0,2,0,0,24
625,165,230,0,0,0,2,0,0,24
625,170,226,0,0,0,2,0,0,24
625,175,221,0,0,0,2,0,0,24
625,180,217,0,0,0,2,0,0,24
625,185,212,0,0,0,2,0,0,23
625,190,208,0,0,0,2,0,0,23
625,195,204,0,0,0,2,0,0,23
625,200,199,0,0,0,2,0,0,23
625,205,195,0,0,0,2,0,0,23
625,210,190,0,0,0,2,0,0,23
625,215,186,0,0,0,2,0,0,23
625,220,182,0,0,0,2,0,0,22
625,225,178,0,0,0,2,0,0,22
625,230,173,0,0,0,2,0,0,22
625,235,169,0,0,0,2,0,0,22
625,240,165,0,0,0,2,0,0,22
625,245,161,0,0,0,2,0,0,22
625,250,157,0,0,0,2,0,0,21
625,255,153,0,0,0,2,0,0,21
625,260,149,0,0,0,2,0,0,21
625,265,145,0,0,0,2,0,0,21
625,270,142,0,0,0,2,0,0,21
625,275,138,0,0,0,2,0,0,21
625,280,134,0,0,0,2,0,0,21
625,285,131,0,0,0,2,0,0,21
625,290,127,0,0,0,2,0,0,20
625,295,124,0,0,0,2,0,0,20
625,300,121,0,0,0,2,0,0,20
630,60,330,0,0,0,2,0,0,28
630,65,326,0,0,0,2,0,0,27
630,70,321,0,0,0,2,0,0,27
630,75,316,0,0,0,2,0,0,27
630,80,311,0,0,0,2,0,0,27
630,85,307,0,0,0,2,0,0,27
630,90,302,0,0,0,2,0,0,27
630,95,297,0,0,0,2,0,0,26
630,100,293,0,0,0,2,0,0,26
630,105,288,0,0,0,2,0,0,26
630,110,283,0,0,0,2,0,0,26
630,115,279,0,0,0,2,0,0,26
630,120,274,0,0,0,2,0,0,26
630,125,269,0,0,0,2,0,0,25
630,130,265,0,0,0,2,0,0,25
630,135,260,0,0,0,2,0,0,25
630,140,255,0,0,0,2,0,0,25
630,145,251,0,0,0,2,0,0,25
630,150,246,0,0,0,2,0,0,25
630,155,242,0,0,0,2,0,0,24
630,160,237,0,0,0,2,0,0,24
630,165,233,0,0,0,2,0,0,24
630,170,228,0,0,0,2,0,0,24
630,175,224,0,0,0,2,0,0,24
630,180,219,0,0,0,2,0,0,24
630,185,215,0,0,0,2,0,0,24
630,190,210,0,0,0,2,0,0,23
630,195,206,0,0,0,2,0,0,23
630,200,202,0,0,0,2,0,0,23
630,205,197,0,0,0,2,0,0,23
630,210,193,0,0,0,2,0,0,23
630,215,189,0,0,0,2,0,0,23
630,220,184,0,0,0,2,0,0,22
630,225,180,0,0,0,2,0,0,22
630,230,176,0,0,0,2,0,0,22
630,235,172,0,0,0,2,0,0,22
630,240,168,0,0,0,2,0,0,22
630,245,164,0,0,0,2,0,0,22
630,250,160,0,0,0,2,0,0,22
630,255,156,0,0,0,2,0,0,21
630,260,152,0,0,0,2,0,0,21
630,265,149,0,0,0,2,0,0,21
630,270,145,0,0,0,2,0,0,21
630,275,141,0,0,0,2,0,0,21
630,280,138,0,0,0,2,0,0,21
630,285,135,0,0,0,2,0,0,21
630,290,131,0,0,0,2,0,0,21
630,295,128,0,0,0,2,0,0,20
630,300,125,0,0,0,2,0,0,20
635,60,332,0,0,0,2,0,0,28
635,65,327,0,0,0,2,0,0,27
635,70,323,0,0,0,2,0,0,27
635,75,318,0,0,0,2,0,0,27
635,80,313,0,0,0,2,0,0,27
635,85,308,0,0,0,2,0,0,27
635,90,304,0,0,0,2,0,0,27
635,95,299,0,0,0,2,0,0,26
635,100,294,0,0,0,2,0,0,26
635,105,290,0,0,0,2,0,0,26
635,110,285,0,0,0,2,0,0,26
635,115,280,0,0,0,2,0,0,26
635,120,276,0,0,0,2,0,0,26
635,125,271,0,0,0,2,0,0,25
635,130,267,0,0,0,2,0,0,25
635,135,262,0,0,0,2,0,0,25
635,140,257,0,0,0,2,0,0,25
635,145,253,0,0,0,2,0,0,25
635,150,248,0,0,0,2,0,0,25
635,155,244,0,0,0,2,0,0,25
635,160,239,0,0,0,2,0,0,24
635,165,235,0,0,0,2,0,0,24
635,170,230,0,0,0,2,0,0,24
635,175,226,0,0,0,2,0,0,24
635,180,221,0,0,0,2,0,0,24
635,185,217,0,0,0,2,0,0,24
635,190,213,0,0,0,2,0,0,23
635,195,208,0,0,0,2,0,0,23
635,200,204,0,0,0,2,0,0,23
635,205,200,0,0,0,2,0,0,23
635,210,196,0,0,0,2,0,0,23
635,215,191,0,0,0,2,0,0,23
635,220,187,0,0,0,2,0,0,23
635,225,183,0,0,0,2,0,0,22
635,230,179,0,0,0,2,0,0,22
635,235,175,0,0,0,2,0,0,22
635,240,171,0,0,0,2,0,0,22
635,245,167,0,0,0,2,0,0,22
635,250,163,0,0,0,2,0,0,22
635,255,159,0,0,0,2,0,0,22
635,260,156,0,0,0,2,0,0,21
635,265,152,0,0,0,2,0,0,21
635,270,148,0,0,0,2,0,0,21
635,275,145,0,0,0,2,0,0,21
635,280,142,0,0,0,2,0,0,21
635,285,138,0,0,0,2,0,0,21
635,290,135,0,0,0,2,0,0,21
635,295,132,0,0,0,2,0,0,21
635,300,129,0,0,0,2,0,0,21
640,60,334,0,0,0,2,0,0,28
640,65,329,0,0,0,2,0,0,28
640,70,324,0,0,0,2,0,0,27
640,75,320,0,0,0,2,0,0,27
640,80,315,0,0,0,2,0,0,27
640,85,310,0,0,0,2,0,0,27
640,90,305,0,0,0,2,0,0,27
640,95,301,0,0,0,2,0,0,27
640,100,296,0,0,0,2,0,0,26
640,105,292,0,0,0,2,0,0,26
640,110,287,0,0,0,2,0,0,26
640,115,282,0,0,0,2,0,0,26
640,120,278,0,0,0,2,0,0,26
640,125,273,0,0,0,2,0,0,26
640,130,269,0,0,0,2,0,0,25
640,135,264,0,0,0,2,0,0,25
640,140,259,0,0,0,2,0,0,25
640,145,255,0,0,0,2,0,0,25
640,150,250,0,0,0,2,0,0,25
640,155,246,0,0,0,2,0,0,25
640,160,242,0,0,0,2,0,0,24
640,165,237,0,0,0,2,0,0,24
640,170,233,0,0,0,2,0,0,24
640,175,228,0,0,0,2,0,0,24
640,180,224,0,0,0,2,0,0,24
640,185,220,0,0,0,2,0,0,24
640,190,215,0,0,0,2,0,0,24
640,195,211,0,0,0,2,0,0,23
640,200,207,0,0,0,2,0,0,23
640,205,202,0,0,0,2,0,0,23
640,210,198,0,0,0,2,0,0,23
640,215,194,0,0,0,2,0,0,23
640,220,190,0,0,0,2,0,0,23
640,225,186,0,0,0,2,0,0,23
640,230,182,0,0,0,2,0,0,22
640,235,178,0,0,0,2,0,0,22
640,240,174,0,0,0,2,0,0,22
640,245,170,0,0,0,2,0,0,22
640,250,167,0,0,0,2,0,0,22
640,255,163,0,0,0,2,0,0,22
640,260,159,0,0,0,2,0,0,22
640,265,156,0,0,0,2,0,0,21
640,270,152,0,0,0,2,0,0,21
640,275,149,0,0,0,2,0,0,21
640,280,145,0,0,0,2,0,0,21
640,285,142,0,0,0,2,0,0,21
640,290,139,0,0,0,2,0,0,21
640,295,136,0,0,0,2,0,0,21
640,300,133,0,0,0,2,0,0,21
645,60,335,0,0,0,2,0,0,28
645,65,331,0,0,0,2,0,0,28
645,70,326,0,0,0,2,0,0,27
645,75,321,0,0,0,2,0,0,27
645,80,317,0,0,0,2,0,0,27
645,85,312,0,0,0,2,0,0,27
645,90,307,0,0,0,2,0,0,27
645,95,303,0,0,0,2,0,0,27
645,100,298,0,0,0,2,0,0,26
645,105,293,0,0,0,2,0,0,26
645,110,289,0,0,0,2,0,0,26
645,115,284,0,0,0,2,0,0,26
645,120,280,0,0,0,2,0,0,26
645,125,275,0,0,0,2,0,0,26
645,130,271,0,0,0,2,0,0,25
645,135,266,0,0,0,2,0,0,25
645,140,262,0,0,0,2,0,0,25
645,145,257,0,0,0,2,0,0,25
645,150,253,0,0,0,2,0,0,25
645,155,248,0,0,0,2,0,0,25
645,160,244,0,0,0,2,0,0,25
645,165,239,0,0,0,2,0,0,24
645,170,235,0,0,0,2,0,0,24
645,175,231,0,0,0,2,0,0,24
645,180,226,0,0,0,2,0,0,24
645,185,222,0,0,0,2,0,0,24
645,190,218,0,0,0,2,0,0,24
645,195,214,0,0,0,2,0,0,23
645,200,209,0,0,0,2,0,0,23
645,205,205,0,0,0,2,0,0,23
645,210,201,0,0,0,2,0,0,23
645,215,197,0,0,0,2,0,0,23
645,220,193,0,0,0,2,0,0,23
645,225,189,0,0,0,2,0,0,23
645,230,185,0,0,0,2,0,0,22
645,235,181,0,0,0,2,0,0,22
645,240,177,0,0,0,2,0,0,22
645,245,174,0,0,0,2,0,0,22
645,250,170,0,0,0,2,0,0,22
645,255,166,0,0,0,2,0,0,22
645,260,163,0,0,0,2,0,0,22
645,265,159,0,0,0,2,0,0,22
645,270,156,0,0,0,2,0,0,21
645,275,152,0,0,0,2,0,0,21
645,280,149,0,0,0,2,0,0,21
645,285,146,0,0,0,2,0,0,21
645,290,143,0,0,0,2,0,0,21
645,295,140,0,0,0,2,0,0,21
645,300,137,0,0,0,2,0,0,21
650,60,337,0,0,0,2,0,0,28
650,65,332,0,0,0,2,0,0,28
650,70,328,0,0,0,2,0,0,27
650,75,323,0,0,0,2,0,0,27
650,80,318,0,0,0,2,0,0,27
650,85,314,0,0,0,2,0,0,27
650,90,309,0,0,0,2,0,0,27
650,95,305,0,0,0,2,0,0,27
650,100,300,0,0,0,2,0,0,27
650,105,295,0,0,0,2,0,0,26
650,110,291,0,0,0,2,0,0,26
650,115,286,0,0,0,2,0,0,26
650,120,282,0,0,0,2,0,0,26
650,125,277,0,0,0,2,0,0,26
650,130,273,0,0,0,2,0,0,26
650,135,268,0,0,0,2,0,0,25
650,140,264,0,0,0,2,0,0,25
650,145,259,0,0,0,2,0,0,25
650,150,255,0,0,0,2,0,0,25
650,155,251,0,0,0,2,0,0,25
650,160,246,0,0,0,2,0,0,25
650,165,242,0,0,0,2,0,0,24
650,170,238,0,0,0,2,0,0,24
650,175,233,0,0,0,2,0,0,24
650,180,229,0,0,0,2,0,0,24
650,185,225,0,0,0,2,0,0,24
650,190,221,0,0,0,2,0,0,24
650,195,216,0,0,0,2,0,0,24
650,200,212,0,0,0,2,0,0,23
650,205,208,0,0,0,2,0,0,23
650,210,204,0,0,0,2,0,0,23
650,215,200,0,0,0,2,0,0,23
650,220,196,0,0,0,2,0,0,23
650,225,192,0,0,0,2,0,0,23
650,230,188,0,0,0,2,0,0,23
650,235,184,0,0,0,2,0,0,22
650,240,181,0,0,0,2,0,0,22
650,245,177,0,0,0,2,0,0,22
650,250,173,0,0,0,2,0,0,22
650,255,170,0,0,0,2,0,0,22
650,260,166,0,0,0,2,0,0,22
650,265,163,0,0,0,2,0,0,22
650,270,159,0,0,0,2,0,0,22
650,275,156,0,0,0,2,0,0,21
650,280,153,0,0,0,2,0,0,21
650,285,150,0,0,0,2,0,0,21
650,290,147,0,0,0,2,0,0,21
650,295,144,0,0,0,2,0,0,21
650,300,142,0,0,0,2,0,0,21
655,60,339,0,0,0,2,0,0,28
655,65,334,0,0,0,2,0,0,28
655,70,330,0,0,0,2,0,0,28
655,75,325,0,0,0,2,0,0,27
655,80,320,0,0,0,2,0,0,27
655,85,316,0,0,0,2,0,0,27
655,90,311,0,0,0,2,0,0,27
655,95,307,0,0,0,2,0,0,27
655,100,302,0,0,0,2,0,0,27
655,105,298,0,0,0,2,0,0,26
655,110,293,0,0,0,2,0,0,26
655,115,288,0,0,0,2,0,0,26
655,120,284,0,0,0,2,0,0,26
655,125,280,0,0,0,2,0,0,26
655,130,275,0,0,0,2,0,0,26
655,135,271,0,0,0,2,0,0,25
655,140,266,0,0,0,2,0,0,25
655,145,262,0,0,0,2,0,0,25
655,150,257,0,0,0,2,0,0,25
655,155,253,0,0,0,2,0,0,25
655,160,249,0,0,0,2,0,0,25
655,165,244,0,0,0,2,0,0,25
655,170,240,0,0,0,2,0,0,24
655,175,236,0,0,0,2,0,0,24
655,180,232,0,0,0,2,0,0,24
655,185,227,0,0,0,2,0,0,24
655,190,223,0,0,0,2,0,0,24
655,195,219,0,0,0,2,0,0,24
655,200,215,0,0,0,2,0,0,24
655,205,211,0,0,0,2,0,0,23
655,210,207,0,0,0,2,0,0,23
655,215,203,0,0,0,2,0,0,23
655,220,199,0,0,0,2,0,0,23
655,225,195,0,0,0,2,0,0,23
655,230,191,0,0,0,2,0,0,23
655,235,188,0,0,0,2,0,0,23
655,240,184,0,0,0,2,0,0,22
655,245,180,0,0,0,2,0,0,22
655,250,177,0,0,0,2,0,0,22
655,255,173,0,0,0,2,0,0,22
655,260,170,0,0,0,2,0,0,22
655,265,167,0,0,0,2,0,0,22
655,270,163,0,0,0,2,0,0,22
655,275,160,0,0,0,2,0,0,22
655,280,157,0,0,0,2,0,0,21
655,285,154,0,0,0,2,0,0,21
655,290,151,0,0,0,2,0,0,21
655,295,148,0,0,0,2,0,0,21
655,300,146,0,0,0,2,0,0,21
660,60,341,0,0,0,2,0,0,28
660,65,336,0,0,0,2,0,0,28
660,70,332,0,0,0,2,0,0,28
660,75,327,0,0,0,2,0,0,27
660,80,322,0,0,0,2,0,0,27
660,85,318,0,0,0,2,0,0,27
660,90,313,0,0,0,2,0,0,27
660,95,309,0,0,0,2,0,0,27
660,100,304,0,0,0,2,0,0,27
660,105,300,0,0,0,2,0,0,26
660,110,295,0,0,0,2,0,0,26
660,115,291,0,0,0,2,0,0,26
660,120,286,0,0,0,2,0,0,26
660,125,282,0,0,0,2,0,0,26
660,130,277,0,0,0,2,0,0,26
660,135,273,0,0,0,2,0,0,26
660,140,269,0,0,0,2,0,0,25
660,145,264,0,0,0,2,0,0,25
660,150,260,0,0,0,2,0,0,25
660,155,256,0,0,0,2,0,0,25
660,160,251,0,0,0,2,0,0,25
660,165,247,0,0,0,2,0,0,25
660,170,243,0,0,0,2,0,0,24
660,175,239,0,0,0,2,0,0,24
660,180,234,0,0,0,2,0,0,24
660,185,230,0,0,0,2,0,0,24
660,190,226,0,0,0,2,0,0,24
660,195,222,0,0,0,2,0,0,24
660,200,218,0,0,0,2,0,0,24
660,205,214,0,0,0,2,0,0,23
660,210,210,0,0,0,2,0,0,23
660,215,206,0,0,0,2,0,0,23
660,220,202,0,0,0,2,0,0,23
660,225,198,0,0,0,2,0,0,23
660,230,195,0,0,0,2,0,0,23
660,235,191,0,0,0,2,0,0,23
660,240,187,0,0,0,2,0,0,23
660,245,184,0,0,0,2,0,0,22
660,250,180,0,0,0,2,0,0,22
660,255,177,0,0,0,2,0,0,22
660,260,174,0,0,0,2,0,0,22
660,265,170,0,0,0,2,0,0,22
660,270,167,0,0,0,2,0,0,22
660,275,164,0,0,0,2,0,0,22
660,280,161,0,0,0,2,0,0,22
660,285,158,0,0,0,2,0,0,22
660,290,155,0,0,0,2,0,0,21
660,295,153,0,0,0,2,0,0,21
660,300,150,0,0,0,2,0,0,21
665,60,343,0,0,0,2,0,0,28
665,65,338,0,0,0,2,0,0,28
665,70,334,0,0,0,2,0,0,28
665,75,329,0,0,0,2,0,0,28
665,80,324,0,0,0,2,0,0,27
665,85,320,0,0,0,2,0,0,27
665,90,315,0,0,0,2,0,0,27
665,95,311,0,0,0,2,0,0,27
665,100,306,0,0,0,2,0,0,27
665,105,302,0,0,0,2,0,0,27
665,110,297,0,0,0,2,0,0,26
665,115,293,0,0,0,2,0,0,26
665,120,289,0,0,0,2,0,0,26
665,125,284,0,0,0,2,0,0,26
665,130,280,0,0,0,2,0,0,26
665,135,275,0,0,0,2,0,0,26
665,140,271,0,0,0,2,0,0,25
665,145,267,0,0,0,2,0,0,25
665,150,262,0,0,0,2,0,0,25
665,155,258,0,0,0,2,0,0,25
665,160,254,0,0,0,2,0,0,25
665,165,250,0,0,0,2,0,0,25
665,170,245,0,0,0,2,0,0,25
665,175,241,0,0,0,2,0,0,24
665,180,237,0,0,0,2,0,0,24
665,185,233,0,0,0,2,0,0,24
665,190,229,0,0,0,2,0,0,24
665,195,225,0,0,0,2,0,0,24
665,200,221,0,0,0,2,0,0,24
665,205,217,0,0,0,2,0,0,24
665,210,213,0,0,0,2,0,0,23
665,215,209,0,0,0,2,0,0,23
665,220,206,0,0,0,2,0,0,23
665,225,202,0,0,0,2,0,0,23
665,230,198,0,0,0,2,0,0,23
665,235,194,0,0,0,2,0,0,23
665,240,191,0,0,0,2,0,0,23
665,245,187,0,0,0,2,0,0,23
665,250,184,0,0,0,2,0,0,22
665,255,181,0,0,0,2,0,0,22
665,260,177,0,0,0,2,0,0,22
665,265,174,0,0,0,2,0,0,22
665,270,171,0,0,0,2,0,0,22
665,275,168,0,0,0,2,0,0,22
665,280,165,0,0,0,2,0,0,22
665,285,162,0,0,0,2,0,0,22
665,290,160,0,0,0,2,0,0,22
665,295,157,0,0,0,2,0,0,21
665,300,154,0,0,0,2,0,0,21
670,60,345,0,0,0,2,0,0,28
670,65,340,0,0,0,2,0,0,28
670,70,336,0,0,0,2,0,0,28
670,75,331,0,0,0,2,0,0,28
670,80,327,0,0,0,2,0,0,27
670,85,322,0,0,0,2,0,0,27
670,90,318,0,0,0,2,0,0,27
670,95,313,0,0,0,2,0,0,27
670,100,309,0,0,0,2,0,0,27
670,105,304,0,0,0,2,0,0,27
670,110,300,0,0,0,2,0,0,26
670,115,295,0,0,0,2,0,0,26
670,120,291,0,0,0,2,0,0,26
670,125,287,0,0,0,2,0,0,26
670,130,282,0,0,0,2,0,0,26
670,135,278,0,0,0,2,0,0,26
670,140,274,0,0,0,2,0,0,26
670,145,269,0,0,0,2,0,0,25
670,150,265,0,0,0,2,0,0,25
670,155,261,0,0,0,2,0,0,25
670,160,257,0,0,0,2,0,0,25
670,165,252,0,0,0,2,0,0,25
670,170,248,0,0,0,2,0,0,25
670,175,244,0,0,0,2,0,0,25
670,180,240,0,0,0,2,0,0,24
670,185,236,0,0,0,2,0,0,24
670,190,232,0,0,0,2,0,0,24
670,195,228,0,0,0,2,0,0,24
670,200,224,0,0,0,2,0,0,24
670,205,220,0,0,0,2,0,0,24
670,210,216,0,0,0,2,0,0,24
670,215,213,0,0,0,2,0,0,23
670,220,209,0,0,0,2,0,0,23
670,225,205,0,0,0,2,0,0,23
670,230,202,0,0,0,2,0,0,23
670,235,198,0,0,0,2,0,0,23
670,240,194,0,0,0,2,0,0,23
670,245,191,0,0,0,2,0,0,23
670,250,188,0,0,0,2,0,0,23
670,255,184,0,0,0,2,0,0,22
670,260,181,0,0,0,2,0,0,22
670,265,178,0,0,0,2,0,0,22
670,270,175,0,0,0,2,0,0,22
670,275,172,0,0,0,2,0,0,22
670,280,169,0,0,0,2,0,0,22
670,285,166,0,0,0,2,0,0,22
670,290,164,0,0,0,2,0,0,22
670,295,161,0,0,0,2,0,0,22
670,300,159,0,0,0,2,0,0,22
675,60,347,0,0,0,2,0,0,28
675,65,342,0,0,0,2,0,0,28
675,70,338,0,0,0,2,0,0,28
675,75,333,0,0,0,2,0,0,28
675,80,329,0,0,0,2,0,0,28
675,85,324,0,0,0,2,0,0,27
675,90,320,0,0,0,2,0,0,27
675,95,315,0,0,0,2,0,0,27
675,100,311,0,0,0,2,0,0,27
675,105,306,0,0,0,2,0,0,27
675,110,302,0,0,0,2,0,0,27
675,115,298,0,0,0,2,0,0,26
675,120,293,0,0,0,2,0,0,26
675,125,289,0,0,0,2,0,0,26
675,130,285,0,0,0,2,0,0,26
675,135,280,0,0,0,2,0,0,26
675,140,276,0,0,0,2,0,0,26
675,145,272,0,0,0,2,0,0,26
675,150,268,0,0,0,2,0,0,25
675,155,263,0,0,0,2,0,0,25
675,160,259,0,0,0,2,0,0,25
675,165,255,0,0,0,2,0,0,25
675,170,251,0,0,0,2,0,0,25
675,175,247,0,0,0,2,0,0,25
675,180,243,0,0,0,2,0,0,25
675,185,239,0,0,0,2,0,0,24
675,190,235,0,0,0,2,0,0,24
675,195,231,0,0,0,2,0,0,24
675,200,227,0,0,0,2,0,0,24
675,205,223,0,0,0,2,0,0,24
675,210,220,0,0,0,2,0,0,24
675,215,216,0,0,0,2,0,0,24
675,220,212,0,0,0,2,0,0,23
675,225,209,0,0,0,2,0,0,23
675,230,205,0,0,0,2,0,0,23
675,235,202,0,0,0,2,0,0,23
675,240,198,0,0,0,2,0,0,23
675,245,195,0,0,0,2,0,0,23
675,250,191,0,0,0,2,0,0,23
675,255,188,0,0,0,2,0,0,23
675,260,185,0,0,0,2,0,0,22
675,265,182,0,0,0,2,0,0,22
675,270,179,0,0,0,2,0,0,22
675,275,176,0,0,0,2,0,0,22
675,280,173,0,0,0,2,0,0,22
675,285,171,0,0,0,2,0,0,22
675,290,168,0,0,0,2,0,0,22
675,295,166,0,0,0,2,0,0,22
675,300,163,0,0,0,2,0,0,22
680,60,349,0,0,0,2,0,0,28
680,65,344,0,0,0,2,0,0,28
680,70,340,0,0,0,2,0,0,28
680,75,335,0,0,0,2,0,0,28
680,80,331,0,0,0,2,0,0,28
680,85,326,0,0,0,2,0,0,27
680,90,322,0,0,0,2,0,0,27
680,95,318,0,0,0,2,0,0,27
680,100,313,0,0,0,2,0,0,27
680,105,309,0,0,0,2,0,0,27
680,110,305,0,0,0,2,0,0,27
680,115,300,0,0,0,2,0,0,27
680,120,296,0,0,0,2,0,0,26
680,125,292,0,0,0,2,0,0,26
680,130,287,0,0,0,2,0,0,26
680,135,283,0,0,0,2,0,0,26
680,140,279,0,0,0,2,0,0,26
680,145,275,0,0,0,2,0,0,26
680,150,270,0,0,0,2,0,0,25
680,155,266,0,0,0,2,0,0,25
680,160,262,0,0,0,2,0,0,25
680,165,258,0,0,0,2,0,0,25
680,170,254,0,0,0,2,0,0,25
680,175,250,0,0,0,2,0,0,25
680,180,246,0,0,0,2,0,0,25
680,185,242,0,0,0,2,0,0,24
680,190,238,0,0,0,2,0,0,24
680,195,234,0,0,0,2,0,0,24
680,200,230,0,0,0,2,0,0,24
680,205,227,0,0,0,2,0,0,24
680,210,223,0,0,0,2,0,0,24
680,215,219,0,0,0,2,0,0,24
680,220,216,0,0,0,2,0,0,24
680,225,212,0,0,0,2,0,0,23
680,230,209,0,0,0,2,0,0,23
680,235,205,0,0,0,2,0,0,23
680,240,202,0,0,0,2,0,0,23
680,245,198,0,0,0,2,0,0,23
680,250,195,0,0,0,2,0,0,23
680,255,192,0,0,0,2,0,0,23
680,260,189,0,0,0,2,0,0,23
680,265,186,0,0,0,2,0,0,23
680,270,183,0,0,0,2,0,0,22
680,275,180,0,0,0,2,0,0,22
680,280,178,0,0,0,2,0,0,22
680,285,175,0,0,0,2,0,0,22
680,290,172,0,0,0,2,0,0,22
680,295,170,0,0,0,2,0,0,22
680,300,168,0,0,0,2,0,0,22
685,60,351,0,0,0,2,0,0,28
685,65,347,0,0,0,2,0,0,28
685,70,342,0,0,0,2,0,0,28
685,75,338,0,0,0,2,0,0,28
685,80,333,0,0,0,2,0,0,28
685,85,329,0,0,0,2,0,0,28
685,90,324,0,0,0,2,0,0,27
685,95,320,0,0,0,2,0,0,27
685,100,316,0,0,0,2,0,0,27
685,105,311,0,0,0,2,0,0,27
685,110,307,0,0,0,2,0,0,27
685,115,303,0,0,0,2,0,0,27
685,120,298,0,0,0,2,0,0,26
685,125,294,0,0,0,2,0,0,26
685,130,290,0,0,0,2,0,0,26
685,135,286,0,0,0,2,0,0,26
685,140,282,0,0,0,2,0,0,26
685,145,277,0,0,0,2,0,0,26
685,150,273,0,0,0,2,0,0,26
685,155,269,0,0,0,2,0,0,25
685,160,265,0,0,0,2,0,0,25
685,165,261,0,0,0,2,0,0,25
685,170,257,0,0,0,2,0,0,25
685,175,253,0,0,0,2,0,0,25
685,180,249,0,0,0,2,0,0,25
685,185,245,0,0,0,2,0,0,25
685,190,241,0,0,0,2,0,0,24
685,195,238,0,0,0,2,0,0,24
685,200,234,0,0,0,2,0,0,24
685,205,230,0,0,0,2,0,0,24
685,210,226,0,0,0,2,0,0,24
685,215,223,0,0,0,2,0,0,24
685,220,219,0,0,0,2,0,0,24
685,225,216,0,0,0,2,0,0,24
685,230,212,0,0,0,2,0,0,23
685,235,209,0,0,0,2,0,0,23
685,240,206,0,0,0,2,0,0,23
685,245,202,0,0,0,2,0,0,23
685,250,199,0,0,0,2,0,0,23
685,255,196,0,0,0,2,0,0,23
685,260,193,0,0,0,2,0,0,23
685,265,190,0,0,0,2,0,0,23
685,270,187,0,0,0,2,0,0,23
685,275,184,0,0,0,2,0,0,22
685,280,182,0,0,0,2,0,0,22
685,285,179,0,0,0,2,0,0,22
685,290,177,0,0,0,2,0,0,22
685,295,174,0,0,0,2,0,0,22
685,300,172,0,0,0,2,0,0,22
690,60,353,0,0,0,2,0,0,28
690,65,349,0,0,0,2,0,0,28
690,70,344,0,0,0,2,0,0,28
690,75,340,0,0,0,2,0,0,28
690,80,336,0,0,0,2,0,0,28
690,85,331,0,0,0,2,0,0,28
690,90,327,0,0,0,2,0,0,27
690,95,322,0,0,0,2,0,0,27
690,100,318,0,0,0,2,0,0,27
690,105,314,0,0,0,2,0,0,27
690,110,310,0,0,0,2,0,0,27
690,115,305,0,0,0,2,0,0,27
690,120,301,0,0,0,2,0,0,27
690,125,297,0,0,0,2,0,0,26
690,130,293,0,0,0,2,0,0,26
690,135,288,0,0,0,2,0,0,26
690,140,284,0,0,0,2,0,0,26
690,145,280,0,0,0,2,0,0,26
690,150,276,0,0,0,2,0,0,26
690,155,272,0,0,0,2,0,0,26
690,160,268,0,0,0,2,0,0,25
690,165,264,0,0,0,2,0,0,25
690,170,260,0,0,0,2,0,0,25
690,175,256,0,0,0,2,0,0,25
690,180,252,0,0,0,2,0,0,25
690,185,248,0,0,0,2,0,0,25
690,190,245,0,0,0,2,0,0,25
690,195,241,0,0,0,2,0,0,24
690,200,237,0,0,0,2,0,0,24
690,205,233,0,0,0,2,0,0,24
690,210,230,0,0,0,2,0,0,24
690,215,226,0,0,0,2,0,0,24
690,220,223,0,0,0,2,0,0,24
690,225,219,0,0,0,2,0,0,24
690,230,216,0,0,0,2,0,0,24
690,235,213,0,0,0,2,0,0,23
690,240,209,0,0,0,2,0,0,23
690,245,206,0,0,0,2,0,0,23
690,250,203,0,0,0,2,0,0,23
690,255,200,0,0,0,2,0,0,23
690,260,197,0,0,0,2,0,0,23
690,265,194,0,0,0,2,0,0,23
690,270,191,0,0,0,2,0,0,23
690,275,189,0,0,0,2,0,0,23
690,280,186,0,0,0,2,0,0,23
690,285,184,0,0,0,2,0,0,22
690,290,181,0,0,0,2,0,0,22
690,295,179,0,0,0,2,0,0,22
690,300,177,0,0,0,2,0,0,22
695,60,356,0,0,0,2,0,0,28
695,65,351,0,0,0,2,0,0,28
695,70,347,0,0,0,2,0,0,28
695,75,342,0,0,0,2,0,0,28
695,80,338,0,0,0,2,0,0,28
695,85,334,0,0,0,2,0,0,28
695,90,329,0,0,0,2,0,0,28
695,95,325,0,0,0,2,0,0,27
695,100,321,0,0,0,2,0,0,27
695,105,316,0,0,0,2,0,0,27
695,110,312,0,0,0,2,0,0,27
695,115,308,0,0,0,2,0,0,27
695,120,304,0,0,0,2,0,0,27
695,125,300,0,0,0,2,0,0,26
695,130,295,0,0,0,2,0,0,26
695,135,291,0,0,0,2,0,0,26
695,140,287,0,0,0,2,0,0,26
695,145,283,0,0,0,2,0,0,26
695,150,279,0,0,0,2,0,0,26
695,155,275,0,0,0,2,0,0,26
695,160,271,0,0,0,2,0,0,25
695,165,267,0,0,0,2,0,0,25
695,170,263,0,0,0,2,0,0,25
695,175,259,0,0,0,2,0,0,25
695,180,255,0,0,0,2,0,0,25
695,185,252,0,0,0,2,0,0,25
695,190,248,0,0,0,2,0,0,25
695,195,244,0,0,0,2,0,0,25
695,200,241,0,0,0,2,0,0,24
695,205,237,0,0,0,2,0,0,24
695,210,233,0,0,0,2,0,0,24
695,215,230,0,0,0,2,0,0,24
695,220,226,0,0,0,2,0,0,24
695,225,223,0,0,0,2,0,0,24
695,230,220,0,0,0,2,0,0,24
695,235,216,0,0,0,2,0,0,24
695,240,213,0,0,0,2,0,0,23
695,245,210,0,0,0,2,0,0,23
695,250,207,0,0,0,2,0,0,23
695,255,204,0,0,0,2,0,0,23
695,260,201,0,0,0,2,0,0,23
695,265,198,0,0,0,2,0,0,23
695,270,196,0,0,0,2,0,0,23
695,275,193,0,0,0,2,0,0,23
695,280,190,0,0,0,2,0,0,23
695,285,188,0,0,0,2,0,0,23
695,290,186,0,0,0,2,0,0,22
695,295,183,0,0,0,2,0,0,22
695,300,181,0,0,0,2,0,0,22
700,60,358,0,0,0,2,0,0,29
700,65,354,0,0,0,2,0,0,28
700,70,349,0,0,0,2,0,0,28
700,75,345,0,0,0,2,0,0,28
700,80,340,0,0,0,2,0,0,28
700,85,336,0,0,0,2,0,0,28
700,90,332,0,0,0,2,0,0,28
700,95,328,0,0,0,2,0,0,27
700,100,323,0,0,0,2,0,0,27
700,105,319,0,0,0,2,0,0,27
700,110,315,0,0,0,2,0,0,27
700,115,311,0,0,0,2,0,0,27
700,120,306,0,0,0,2,0,0,27
700,125,302,0,0,0,2,0,0,27
700,130,298,0,0,0,2,0,0,26
700,135,294,0,0,0,2,0,0,26
700,140,290,0,0,0,2,0,0,26
700,145,286,0,0,0,2,0,0,26
700,150,282,0,0,0,2,0,0,26
700,155,278,0,0,0,2,0,0,26
700,160,274,0,0,0,2,0,0,26
700,165,270,0,0,0,2,0,0,25
700,170,266,0,0,0,2,0,0,25
700,175,262,0,0,0,2,0,0,25
700,180,259,0,0,0,2,0,0,25
700,185,255,0,0,0,2,0,0,25
700,190,251,0,0,0,2,0,0,25
700,195,248,0,0,0,2,0,0,25
700,200,244,0,0,0,2,0,0,25
700,205,240,0,0,0,2,0,0,24
700,210,237,0,0,0,2,0,0,24
700,215,233,0,0,0,2,0,0,24
700,220,230,0,0,0,2,0,0,24
700,225,227,0,0,0,2,0,0,24
700,230,223,0,0,0,2,0,0,24
700,235,220,0,0,0,2,0,0,24
700,240,217,0,0,0,2,0,0,24
700,245,214,0,0,0,2,0,0,23
700,250,211,0,0,0,2,0,0,23
700,255,208,0,0,0,2,0,0,23
700,260,205,0,0,0,2,0,0,23
700,265,202,0,0,0,2,0,0,23
700,270,200,0,0,0,2,0,0,23
700,275,197,0,0,0,2,0,0,23
700,280,195,0,0,0,2,0,0,23
700,285,192,0,0,0,2,0,0,23
700,290,190,0,0,0,2,0,0,23
700,295,188,0,0,0,2,0,0,23
700,300,186,0,0,0,2,0,0,23
705,60,360,0,0,0,2,0,0,29
705,65,356,0,0,0,2,0,0,28
705,70,352,0,0,0,2,0,0,28
705,75,347,0,0,0,2,0,0,28
705,80,343,0,0,0,2,0,0,28
705,85,339,0,0,0,2,0,0,28
705,90,334,0,0,0,2,0,0,28
705,95,330,0,0,0,2,0,0,28
705,100,326,0,0,0,2,0,0,27
705,105,322,0,0,0,2,0,0,27
705,110,318,0,0,0,2,0,0,27
705,115,313,0,0,0,2,0,0,27
705,120,309,0,0,0,2,0,0,27
705,125,305,0,0,0,2,0,0,27
705,130,301,0,0,0,2,0,0,27
705,135,297,0,0,0,2,0,0,26
705,140,293,0,0,0,2,0,0,26
705,145,289,0,0,0,2,0,0,26
705,150,285,0,0,0,2,0,0,26
705,155,281,0,0,0,2,0,0,26
705,160,277,0,0,0,2,0,0,26
705,165,273,0,0,0,2,0,0,26
705,170,270,0,0,0,2,0,0,25
705,175,266,0,0,0,2,0,0,25
705,180,262,0,0,0,2,0,0,25
705,185,258,0,0,0,2,0,0,25
705,190,255,0,0,0,2,0,0,25
705,195,251,0,0,0,2,0,0,25
705,200,247,0,0,0,2,0,0,25
705,205,244,0,0,0,2,0,0,25
705,210,241,0,0,0,2,0,0,24
705,215,237,0,0,0,2,0,0,24
705,220,234,0,0,0,2,0,0,24
705,225,230,0,0,0,2,0,0,24
705,230,227,0,0,0,2,0,0,24
705,235,224,0,0,0,2,0,0,24
705,240,221,0,0,0,2,0,0,24
705,245,218,0,0,0,2,0,0,24
705,250,215,0,0,0,2,0,0,24
705,255,212,0,0,0,2,0,0,23
705,260,209,0,0,0,2,0,0,23
705,265,207,0,0,0,2,0,0,23
705,270,204,0,0,0,2,0,0,23
705,275,202,0,0,0,2,0,0,23
705,280,199,0,0,0,2,0,0,23
705,285,197,0,0,0,2,0,0,23
705,290,195,0,0,0,2,0,0,23
705,295,192,0,0,0,2,0,0,23
705,300,190,0,0,0,2,0,0,23
710,60,363,0,0,0,2,0,0,29
710,65,358,0,0,0,2,0,0,29
710,70,354,0,0,0,2,0,0,28
710,75,350,0,0,0,2,0,0,28
710,80,346,0,0,0,2,0,0,28
710,85,341,0,0,0,2,0,0,28
710,90,337,0,0,0,2,0,0,28
710,95,333,0,0,0,2,0,0,28
710,100,329,0,0,0,2,0,0,28
710,105,324,0,0,0,2,0,0,27
710,110,320,0,0,0,2,0,0,27
710,115,316,0,0,0,2,0,0,27
710,120,312,0,0,0,2,0,0,27
710,125,308,0,0,0,2,0,0,27
710,130,304,0,0,0,2,0,0,27
710,135,300,0,0,0,2,0,0,26
710,140,296,0,0,0,2,0,0,26
710,145,292,0,0,0,2,0,0,26
710,150,288,0,0,0,2,0,0,26
710,155,284,0,0,0,2,0,0,26
710,160,280,0,0,0,2,0,0,26
710,165,277,0,0,0,2,0,0,26
710,170,273,0,0,0,2,0,0,26
710,175,269,0,0,0,2,0,0,25
710,180,265,0,0,0,2,0,0,25
710,185,262,0,0,0,2,0,0,25
710,190,258,0,0,0,2,0,0,25
710,195,255,0,0,0,2,0,0,25
710,200,251,0,0,0,2,0,0,25
710,205,248,0,0,0,2,0,0,25
710,210,244,0,0,0,2,0,0,25
710,215,241,0,0,0,2,0,0,24
710,220,238,0,0,0,2,0,0,24
710,225,234,0,0,0,2,0,0,24
710,230,231,0,0,0,2,0,0,24
710,235,228,0,0,0,2,0,0,24
710,240,225,0,0,0,2,0,0,24
710,245,222,0,0,0,2,0,0,24
710,250,219,0,0,0,2,0,0,24
710,255,216,0,0,0,2,0,0,24
710,260,214,0,0,0,2,0,0,23
710,265,211,0,0,0,2,0,0,23
710,270,208,0,0,0,2,0,0,23
710,275,206,0,0,0,2,0,0,23
710,280,204,0,0,0,2,0,0,23
710,285,201,0,0,0,2,0,0,23
710,290,199,0,0,0,2,0,0,23
710,295,197,0,0,0,2,0,0,23
710,300,195,0,0,0,2,0,0,23
715,60,365,0,0,0,2,0,0,29
715,65,361,0,0,0,2,0,0,29
715,70,357,0,0,0,2,0,0,28
715,75,352,0,0,0,2,0,0,28
715,80,348,0,0,0,2,0,0,28
715,85,344,0,0,0,2,0,0,28
715,90,340,0,0,0,2,0,0,28
715,95,336,0,0,0,2,0,0,28
715,100,331,0,0,0,2,0,0,28
715,105,327,0,0,0,2,0,0,27
715,110,323,0,0,0,2,0,0,27
715,115,319,0,0,0,2,0,0,27
715,120,315,0,0,0,2,0,0,27
715,125,311,0,0,0,2,0,0,27
715,130,307,0,0,0,2,0,0,27
715,135,303,0,0,0,2,0,0,27
715,140,299,0,0,0,2,0,0,26
715,145,295,0,0,0,2,0,0,26
715,150,291,0,0,0,2,0,0,26
715,155,287,0,0,0,2,0,0,26
715,160,284,0,0,0,2,0,0,26
715,165,280,0,0,0,2,0,0,26
715,170,276,0,0,0,2,0,0,26
715,175,272,0,0,0,2,0,0,26
715,180,269,0,0,0,2,0,0,25
715,185,265,0,0,0,2,0,0,25
715,190,262,0,0,0,2,0,0,25
715,195,258,0,0,0,2,0,0,25
715,200,255,0,0,0,2,0,0,25
715,205,251,0,0,0,2,0,0,25
715,210,248,0,0,0,2,0,0,25
715,215,245,0,0,0,2,0,0,25
715,220,241,0,0,0,2,0,0,24
715,225,238,0,0,0,2,0,0,24
715,230,235,0,0,0,2,0,0,24
715,235,232,0,0,0,2,0,0,24
715,240,229,0,0,0,2,0,0,24
715,245,226,0,0,0,2,0,0,24
715,250,223,0,0,0,2,0,0,24
715,255,221,0,0,0,2,0,0,24
715,260,218,0,0,0,2,0,0,24
715,265,215,0,0,0,2,0,0,24
715,270,213,0,0,0,2,0,0,23
715,275,210,0,0,0,2,0,0,23
715,280,208,0,0,0,2,0,0,23
715,285,206,0,0,0,2,0,0,23
715,290,204,0,0,0,2,0,0,23
715,295,202,0,0,0,2,0,0,23
715,300,200,0,0,0,2,0,0,23
720,60,368,0,0,0,2,0,0,29
720,65,364,0,0,0,2,0,0,29
720,70,359,0,0,0,2,0,0,29
720,75,355,0,0,0,2,0,0,28
720,80,351,0,0,0,2,0,0,28
720,85,347,0,0,0,2,0,0,28
720,90,343,0,0,0,2,0,0,28
720,95,338,0,0,0,2,0,0,28
720,100,334,0,0,0,2,0,0,28
720,105,330,0,0,0,2,0,0,28
720,110,326,0,0,0,2,0,0,27
720,115,322,0,0,0,2,0,0,27
720,120,318,0,0,0,2,0,0,27
720,125,314,0,0,0,2,0,0,27
720,130,310,0,0,0,2,0,0,27
720,135,306,0,0,0,2,0,0,27
720,140,302,0,0,0,2,0,0,27
720,145,298,0,0,0,2,0,0,26
720,150,294,0,0,0,2,0,0,26
720,155,291,0,0,0,2,0,0,26
720,160,287,0,0,0,2,0,0,26
720,165,283,0,0,0,2,0,0,26
720,170,280,0,0,0,2,0,0,26
720,175,276,0,0,0,2,0,0,26
720,180,272,0,0,0,2,0,0,26
720,185,269,0,0,0,2,0,0,25
720,190,265,0,0,0,2,0,0,25
720,195,262,0,0,0,2,0,0,25
720,200,258,0,0,0,2,0,0,25
720,205,255,0,0,0,2,0,0,25
720,210,252,0,0,0,2,0,0,25
720,215,248,0,0,0,2,0,0,25
720,220,245,0,0,0,2,0,0,25
720,225,242,0,0,0,2,0,0,24
720,230,239,0,0,0,2,0,0,24
720,235,236,0,0,0,2,0,0,24
720,240,233,0,0,0,2,0,0,24
720,245,230,0,0,0,2,0,0,24
720,250,227,0,0,0,2,0,0,24
720,255,225,0,0,0,2,0,0,24
720,260,222,0,0,0,2,0,0,24
720,265,220,0,0,0,2,0,0,24
720,270,217,0,0,0,2,0,0,24
720,275,215,0,0,0,2,0,0,24
720,280,212,0,0,0,2,0,0,23
720,285,210,0,0,0,2,0,0,23
720,290,208,0,0,0,2,0,0,23
720,295,206,0,0,0,2,0,0,23
720,300,204,0,0,0,2,0,0,23
